hire_id,provider_id,relevance_score
1,1,55
1,2,66
1,3,55
1,4,89
1,5,13
1,6,33
1,7,32
1,8,51
2,1,85
2,2,93
2,3,86
2,4,74
2,5,46
2,6,50
2,7,50
2,8,31
3,1,88
3,2,68
3,3,83
3,4,54
3,5,50
3,6,38
3,7,33
3,8,20
4,1,53
4,2,61
4,3,58
4,4,72
4,5,19
4,6,24
4,7,20
4,8,42
5,1,71
5,2,90
5,3,89
5,4,77
5,5,43
5,6,55
5,7,51
5,8,31
6,1,16
6,2,21
6,3,25
6,4,45
6,5,54
6,6,69
6,7,55
6,8,92
7,1,58
7,2,31
7,3,46
7,4,11
7,5,93
7,6,69
7,7,75
7,8,54
8,1,15
8,2,29
8,3,23
8,4,31
8,5,45
8,6,65
8,7,58
8,8,79
9,1,31
9,2,53
9,3,41
9,4,46
9,5,69
9,6,92
9,7,95
9,8,80
10,1,42
10,2,55
10,3,55
10,4,43
10,5,85
10,6,89
10,7,95
10,8,75
11,9,46
11,10,64
11,11,75
11,12,87
11,13,28
11,14,43
11,15,32
11,16,57
12,9,91
12,10,79
12,11,75
12,12,63
12,13,43
12,14,40
12,15,35
12,16,10
13,9,68
13,10,85
13,11,90
13,12,81
13,13,44
13,14,51
13,15,53
13,16,29
14,9,50
14,10,58
14,11,65
14,12,82
14,13,16
14,14,30
14,15,27
14,16,52
15,9,79
15,10,87
15,11,88
15,12,73
15,13,48
15,14,44
15,15,59
15,16,26
16,9,19
16,10,26
16,11,25
16,12,43
16,13,47
16,14,63
16,15,62
16,16,86
17,9,30
17,10,41
17,11,52
17,12,50
17,13,77
17,14,95
17,15,91
17,16,74
18,9,11
18,10,26
18,11,26
18,12,39
18,13,52
18,14,63
18,15,59
18,16,93
19,9,20
19,10,50
19,11,51
19,12,50
19,13,73
19,14,89
19,15,95
19,16,70
20,9,51
20,10,44
20,11,46
20,12,22
20,13,92
20,14,65
20,15,79
20,16,53
21,17,47
21,18,63
21,19,66
21,20,95
21,21,14
21,22,40
21,23,38
21,24,59
22,17,88
22,18,77
22,19,70
22,20,47
22,21,58
22,22,38
22,23,30
22,24,19
23,17,70
23,18,92
23,19,85
23,20,76
23,21,45
23,22,54
23,23,53
23,24,40
24,17,48
24,18,64
24,19,56
24,20,76
24,21,17
24,22,21
24,23,28
24,24,52
25,17,77
25,18,95
25,19,92
25,20,73
25,21,42
25,22,54
25,23,58
25,24,39
26,17,46
26,18,53
26,19,58
26,20,43
26,21,79
26,22,91
26,23,95
26,24,75
27,17,15
27,18,27
27,19,28
27,20,57
27,21,46
27,22,58
27,23,58
27,24,86
28,17,35
28,18,50
28,19,59
28,20,48
28,21,68
28,22,94
28,23,88
28,24,75
29,17,11
29,18,30
29,19,20
29,20,43
29,21,46
29,22,55
29,23,60
29,24,76
30,17,58
30,18,43
30,19,44
30,20,20
30,21,92
30,22,78
30,23,73
30,24,47
31,25,74
31,26,94
31,27,92
31,28,78
31,29,47
31,30,56
31,31,53
31,32,31
32,25,46
32,26,65
32,27,61
32,28,90
32,29,16
32,30,26
32,31,37
32,32,50
33,25,95
33,26,85
33,27,75
33,28,46
33,29,50
33,30,36
33,31,35
33,32,11
34,25,68
34,26,78
34,27,88
34,28,83
34,29,37
34,30,52
34,31,56
34,32,42
35,25,49
35,26,62
35,27,58
35,28,86
35,29,17
35,30,28
35,31,21
35,32,50
36,25,40
36,26,48
36,27,50
36,28,41
36,29,68
36,30,87
36,31,91
36,32,82
37,25,17
37,26,23
37,27,26
37,28,40
37,29,47
37,30,61
37,31,55
37,32,91
38,25,34
38,26,57
38,27,54
38,28,46
38,29,73
38,30,95
38,31,92
38,32,67
39,25,13
39,26,24
39,27,23
39,28,40
39,29,54
39,30,63
39,31,55
39,32,90
40,25,50
40,26,40
40,27,39
40,28,17
40,29,93
40,30,73
40,31,67
40,32,45
41,33,73
41,34,86
41,35,87
41,36,66
41,37,49
41,38,51
41,39,60
41,40,33
42,33,91
42,34,76
42,35,74
42,36,48
42,37,59
42,38,39
42,39,30
42,40,19
43,33,46
43,34,71
43,35,75
43,36,94
43,37,19
43,38,38
43,39,35
43,40,54
44,33,68
44,34,95
44,35,90
44,36,78
44,37,34
44,38,56
44,39,52
44,40,40
45,33,55
45,34,59
45,35,72
45,36,90
45,37,11
45,38,30
45,39,37
45,40,59
46,33,59
46,34,41
46,35,41
46,36,28
46,37,88
46,38,83
46,39,69
46,40,47
47,33,35
47,34,51
47,35,53
47,36,45
47,37,69
47,38,87
47,39,92
47,40,73
48,33,14
48,34,29
48,35,40
48,36,58
48,37,45
48,38,75
48,39,73
48,40,89
49,33,40
49,34,51
49,35,52
49,36,44
49,37,66
49,38,86
49,39,93
49,40,67
50,33,14
50,34,24
50,35,29
50,36,53
50,37,50
50,38,58
50,39,75
50,40,95
51,41,89
51,42,83
51,43,72
51,44,49
51,45,50
51,46,31
51,47,40
51,48,16
52,41,69
52,42,85
52,43,85
52,44,70
52,45,42
52,46,60
52,47,54
52,48,32
53,41,62
53,42,83
53,43,91
53,44,83
53,45,40
53,46,51
53,47,51
53,48,32
54,41,53
54,42,55
54,43,60
54,44,94
54,45,18
54,46,32
54,47,36
54,48,52
55,41,85
55,42,79
55,43,80
55,44,55
55,45,55
55,46,33
55,47,40
55,48,13
56,41,50
56,42,41
56,43,45
56,44,28
56,45,91
56,46,84
56,47,67
56,48,48
57,41,12
57,42,22
57,43,26
57,44,40
57,45,47
57,46,60
57,47,71
57,48,95
58,41,23
58,42,44
58,43,42
58,44,41
58,45,71
58,46,85
58,47,92
58,48,78
59,41,13
59,42,27
59,43,25
59,44,34
59,45,48
59,46,58
59,47,55
59,48,85
60,41,23
60,42,46
60,43,55
60,44,44
60,45,66
60,46,89
60,47,90
60,48,75
61,49,73
61,50,91
61,51,95
61,52,83
61,53,35
61,54,50
61,55,51
61,56,44
62,49,47
62,50,64
62,51,59
62,52,85
62,53,11
62,54,29
62,55,26
62,56,55
63,49,90
63,50,81
63,51,74
63,52,53
63,53,51
63,54,46
63,55,49
63,56,13
64,49,49
64,50,55
64,51,61
64,52,85
64,53,18
64,54,28
64,55,30
64,56,50
65,49,68
65,50,90
65,51,91
65,52,76
65,53,40
65,54,55
65,55,59
65,56,45
66,49,40
66,50,51
66,51,54
66,52,48
66,53,69
66,54,95
66,55,91
66,56,80
67,49,36
67,50,54
67,51,58
67,52,42
67,53,68
67,54,81
67,55,95
67,56,81
68,49,20
68,50,22
68,51,29
68,52,59
68,53,49
68,54,61
68,55,63
68,56,85
69,49,14
69,50,24
69,51,23
69,52,46
69,53,54
69,54,64
69,55,65
69,56,80
70,49,57
70,50,37
70,51,37
70,52,20
70,53,88
70,54,73
70,55,72
70,56,47
71,57,75
71,58,86
71,59,89
71,60,73
71,61,50
71,62,60
71,63,59
71,64,35
72,57,86
72,58,78
72,59,75
72,60,49
72,61,53
72,62,43
72,63,32
72,64,10
73,57,75
73,58,88
73,59,92
73,60,74
73,61,41
73,62,57
73,63,56
73,64,40
74,57,54
74,58,58
74,59,61
74,60,82
74,61,16
74,62,23
74,63,22
74,64,60
75,57,65
75,58,86
75,59,91
75,60,68
75,61,32
75,62,58
75,63,57
75,64,30
76,57,58
76,58,43
76,59,31
76,60,17
76,61,87
76,62,82
76,63,75
76,64,53
77,57,38
77,58,59
77,59,55
77,60,37
77,61,74
77,62,93
77,63,91
77,64,73
78,57,37
78,58,52
78,59,57
78,60,47
78,61,69
78,62,88
78,63,95
78,64,69
79,57,18
79,58,27
79,59,30
79,60,43
79,61,49
79,62,62
79,63,56
79,64,89
80,57,33
80,58,54
80,59,55
80,60,35
80,61,83
80,62,86
80,63,87
80,64,67
81,65,88
81,66,81
81,67,77
81,68,48
81,69,51
81,70,46
81,71,46
81,72,15
82,65,73
82,66,92
82,67,91
82,68,75
82,69,33
82,70,56
82,71,56
82,72,49
83,65,75
83,66,94
83,67,91
83,68,72
83,69,40
83,70,55
83,71,54
83,72,36
84,65,51
84,66,63
84,67,63
84,68,94
84,69,13
84,70,27
84,71,23
84,72,54
85,65,81
85,66,92
85,67,85
85,68,71
85,69,45
85,70,60
85,71,60
85,72,36
86,65,52
86,66,47
86,67,42
86,68,19
86,69,93
86,70,75
86,71,81
86,72,54
87,65,49
87,66,60
87,67,50
87,68,31
87,69,85
87,70,91
87,71,87
87,72,72
88,65,32
88,66,50
88,67,54
88,68,46
88,69,70
88,70,88
88,71,92
88,72,80
89,65,15
89,66,26
89,67,24
89,68,46
89,69,49
89,70,56
89,71,62
89,72,75
90,65,48
90,66,50
90,67,55
90,68,33
90,69,85
90,70,86
90,71,95
90,72,65
91,73,65
91,74,88
91,75,88
91,76,75
91,77,39
91,78,52
91,79,53
91,80,42
92,73,62
92,74,85
92,75,86
92,76,84
92,77,23
92,78,47
92,79,54
92,80,45
93,73,87
93,74,84
93,75,84
93,76,56
93,77,52
93,78,44
93,79,41
93,80,29
94,73,45
94,74,59
94,75,64
94,76,95
94,77,16
94,78,26
94,79,23
94,80,51
95,73,74
95,74,95
95,75,88
95,76,76
95,77,34
95,78,60
95,79,59
95,80,41
96,73,39
96,74,50
96,75,55
96,76,48
96,77,71
96,78,95
96,79,90
96,80,76
97,73,28
97,74,50
97,75,55
97,76,40
97,77,61
97,78,82
97,79,86
97,80,81
98,73,55
98,74,50
98,75,47
98,76,22
98,77,91
98,78,77
98,79,83
98,80,65
99,73,14
99,74,29
99,75,28
99,76,57
99,77,52
99,78,61
99,79,64
99,80,89
100,73,35
100,74,53
100,75,51
100,76,44
100,77,72
100,78,88
100,79,92
100,80,84
101,81,74
101,82,95
101,83,91
101,84,80
101,85,40
101,86,57
101,87,45
101,88,22
102,81,52
102,82,58
102,83,60
102,84,89
102,85,15
102,86,34
102,87,49
102,88,54
103,81,73
103,82,85
103,83,93
103,84,68
103,85,41
103,86,43
103,87,46
103,88,27
104,81,53
104,82,58
104,83,62
104,84,95
104,85,17
104,86,47
104,87,40
104,88,51
105,81,89
105,82,78
105,83,71
105,84,48
105,85,44
105,86,30
105,87,29
105,88,15
106,81,27
106,82,38
106,83,38
106,84,45
106,85,71
106,86,93
106,87,90
106,88,80
107,81,27
107,82,34
107,83,34
107,84,44
107,85,58
107,86,76
107,87,88
107,88,80
108,81,41
108,82,48
108,83,42
108,84,33
108,85,88
108,86,82
108,87,69
108,88,54
109,81,18
109,82,29
109,83,24
109,84,31
109,85,48
109,86,59
109,87,58
109,88,90
110,81,22
110,82,34
110,83,40
110,84,48
110,85,67
110,86,89
110,87,85
110,88,75
111,89,73
111,90,89
111,91,87
111,92,85
111,93,47
111,94,51
111,95,50
111,96,39
112,89,89
112,90,72
112,91,72
112,92,52
112,93,55
112,94,32
112,95,30
112,96,14
113,89,52
113,90,56
113,91,56
113,92,91
113,93,17
113,94,21
113,95,39
113,96,60
114,89,75
114,90,85
114,91,87
114,92,77
114,93,49
114,94,54
114,95,51
114,96,33
115,89,66
115,90,93
115,91,91
115,92,84
115,93,49
115,94,59
115,95,53
115,96,38
116,89,46
116,90,47
116,91,47
116,92,24
116,93,94
116,94,81
116,95,79
116,96,64
117,89,29
117,90,40
117,91,49
117,92,41
117,93,68
117,94,95
117,95,88
117,96,79
118,89,20
118,90,21
118,91,22
118,92,43
118,93,47
118,94,63
118,95,56
118,96,87
119,89,20
119,90,46
119,91,57
119,92,49
119,93,72
119,94,89
119,95,85
119,96,78
120,89,14
120,90,24
120,91,27
120,92,41
120,93,55
120,94,58
120,95,59
120,96,95
121,97,74
121,98,95
121,99,88
121,100,71
121,101,31
121,102,58
121,103,53
121,104,40
122,97,67
122,98,89
122,99,87
122,100,66
122,101,30
122,102,52
122,103,54
122,104,49
123,97,54
123,98,59
123,99,62
123,100,76
123,101,17
123,102,24
123,103,26
123,104,44
124,97,93
124,98,83
124,99,72
124,100,52
124,101,51
124,102,49
124,103,40
124,104,16
125,97,70
125,98,94
125,99,89
125,100,75
125,101,31
125,102,53
125,103,60
125,104,49
126,97,59
126,98,40
126,99,40
126,100,14
126,101,94
126,102,75
126,103,67
126,104,52
127,97,38
127,98,60
127,99,57
127,100,34
127,101,67
127,102,94
127,103,91
127,104,75
128,97,37
128,98,51
128,99,57
128,100,35
128,101,71
128,102,90
128,103,90
128,104,75
129,97,11
129,98,22
129,99,25
129,100,56
129,101,52
129,102,59
129,103,65
129,104,91
130,97,48
130,98,50
130,99,57
130,100,31
130,101,80
130,102,89
130,103,90
130,104,66
