hire_id,hire_title,hire_description,hire_description_additional_notes,category_ids,speciality_ids,search_tags,status,created_at,updated_at
1,Finance and risk numbers don't reconcile on our capital return,"Our finance and risk teams have produced two different numbers for the same capital adequacy return in each of the last three quarters, and the auditors have now flagged it formally in the management letter. We need someone to trace the discrepancy back to its source in the data pipeline and put a permanent reconciliation process in place, not just patch this quarter's numbers.","Budget sits around SGD 70-140/hr for a focused four-week engagement starting as soon as possible; a mid-level practitioner who has actually done this reconciliation work is fine, we don't need a former department head for this.",1,1,1;2;3,active,2026-08-15 09:00:00,
2,Provisioning model hasn't been checked against current rules in two years,"A recent internal review found that our loan impairment model hasn't been reassessed against the latest provisioning rules since it was first built, and the assumptions are starting to look dated against what peer banks are disclosing. The ask is a full review of the staging assumptions and macro overlays with a written report we can hand directly to the external auditors.","Budget is roughly SGD 140-220/hr for an eight-week engagement tied to our year-end close; ideally someone senior enough to have owned a provisioning model review end-to-end before, not someone applying it for the first time.",1,1,1;2;3,active,2026-08-15 09:00:00,
3,Regulatory submission pulled back at the last minute again,"Our last regulatory submission was pulled back at the eleventh hour because finance and risk couldn't agree on the underlying numbers, and it's now happened twice this year. Given how visible this has become internally, we want the most senior person available to both fix the current submission and put a sign-off process in place that prevents a repeat.","Budget is flexible, up to around SGD 260/hr, for an initial six-week engagement; this needs to be someone who has genuinely led a regulatory reporting function before, not a mid-level practitioner.",1,1,1;2;3,active,2026-08-15 09:00:00,
4,Small finance team needs help tidying up our quarterly capital return,"We're a small finance team without a dedicated regulatory reporting specialist, and our quarterly capital return process is currently held together by one person's personal spreadsheet. We'd like someone to review the current process and suggest practical fixes we can maintain ourselves afterward.","This is a smaller engagement, budget realistically around SGD 50-100/hr for a two-week review; open to someone earlier in their career as long as they've actually worked on a bank's regulatory return before.",1,1,1;2;3,active,2026-08-15 09:00:00,
5,Need an independent second opinion before our year-end capital submission,"Our internal team is confident in this year's capital return numbers, but given how much scrutiny our sector has been under lately, leadership wants an independent set of eyes on the submission before it goes out. The ask is a focused review of the calculation methodology and disclosure notes, not a full rebuild.",Budget is around SGD 120-200/hr for a short two-week review ahead of the filing deadline; looking for someone senior enough to sign off on the review with confidence.,1,1,1;2;3,active,2026-08-15 09:00:00,
6,Customer onboarding checks haven't kept up with current AML rules,"Our onboarding checks for new customers haven't been meaningfully updated against current financial crime rules in a couple of years, and a recent near-miss made that gap obvious to leadership. We'd like a full gap assessment against current expectations, with a prioritised list we can action ourselves afterward.","Budget is around SGD 60-120/hr for a three-week review; a solid practitioner is fine, we don't need a former compliance head for a gap assessment.",1,4,8;9;10;11,active,2026-08-15 09:00:00,
7,AML compliance framework needs review before a regulator visit,"We've just been notified of an upcoming AML compliance review and our framework hasn't been independently checked by anyone with real regulatory experience since it was first drafted. Given the timeline, we want someone genuinely senior who can both assess and start remediating gaps immediately.",Budget up to around SGD 260/hr for an intensive four-week sprint ahead of the visit; this really needs someone who has sat on the regulator's side of this kind of review before.,1,4,8;9;10;11,active,2026-08-15 09:00:00,
8,Building our first AML program from scratch,"We're a new payments licensee and currently operate with no formal AML program beyond a short policy document nobody actually follows day to day. We need someone to design the program end to end, ready in time for our licence application.",Budget realistically around SGD 50-100/hr given we're an early-stage company; open to someone still building their independent practice as long as they've done this hands-on before.,1,4,8;9;10;11,active,2026-08-15 09:00:00,
9,Transaction monitoring rules feel outdated for how the business has grown,"Our transaction monitoring rules were set up when the business was a fraction of its current size, and we suspect they're both missing genuine risk and generating too many false alerts for the compliance team to work through properly. We'd like someone to redesign the rule set from first principles.","Budget is around SGD 100-180/hr for a six-week engagement; looking for someone with genuine hands-on rule-design experience, not just policy-writing background.",1,4,8;9;10;11,active,2026-08-15 09:00:00,
10,Financial crime framework needs to be licence-application ready,"We're preparing a full banking licence application and need our financial crime framework to withstand serious regulatory scrutiny, not just look complete on paper. The ask is an end-to-end review covering policy, onboarding, and monitoring, with clear documentation we can submit as part of the application.",Budget is roughly SGD 130-210/hr for a two-month engagement tied to our application timeline; ideally someone who has supported a licence application through to approval before.,1,4,8;9;10;11,active,2026-08-15 09:00:00,
11,New insurance accounting standard numbers won't reconcile before year-end,"Our finance team is struggling to get the new insurance contract accounting numbers to reconcile with the actuarial models before year-end close, and nobody on the team has actually run a full transition to this standard before. We need practical, hands-on help getting this quarter's numbers to tie out.","Budget around SGD 80-150/hr for a focused three-week push before close; doesn't need to be the most senior actuary available, just someone who has done this reconciliation work directly.",2,10,27;28;29,active,2026-08-15 09:00:00,
12,First full IFRS17 disclosure is weeks away and has never been independently checked,"We're weeks away from our first full disclosure under the new insurance accounting standard and have never had an independent party check our build before the external auditors do. Given how much is riding on this being right the first time, we want someone who has genuinely led a full transition before.","Budget up to around SGD 260/hr for an intensive four-week review ahead of the disclosure date; this needs real transition leadership experience, not general actuarial background.",2,10,27;28;29,active,2026-08-15 09:00:00,
13,Actuarial and finance teams can't agree on contract groupings,"The actuarial team's contract groupings and what finance is reporting have drifted apart over the last two quarters, and nobody internally can pinpoint exactly where the disconnect started. We'd like an independent review that traces it back to its source and recommends a permanent fix, not a one-off patch.","Budget is roughly SGD 130-210/hr for a five-week engagement; looking for someone with real experience specifically at the finance-actuarial boundary, not a pure actuarial modeller.",2,10,27;28;29,active,2026-08-15 09:00:00,
14,Need help clearing a disclosure note backlog before filing,Our disclosure notes for this cycle have fallen behind and the actuarial team doesn't have capacity to also handle the detailed note preparation on top of the modelling work. We need someone to take over the note preparation and quality-check it against the underlying actuarial output.,Budget realistically SGD 60-110/hr for a two-week sprint before the filing deadline; open to someone earlier in their career as long as they understand the disclosure requirements well.,2,10,27;28;29,active,2026-08-15 09:00:00,
15,Preparing for our second year under the new insurance accounting standard,"Our first year under the new standard technically closed, but the process was painful and mostly manual, and leadership wants it properly streamlined before we go through it again. The ask is a review of last year's process with concrete recommendations for automating the weakest parts.",Budget is around SGD 150-230/hr for a six-week engagement starting after this quarter's close; ideally someone who has helped an insurer move from a manual to a more automated IFRS17 process before.,2,10,27;28;29,active,2026-08-15 09:00:00,
16,Claims settlement times keep creeping up and customers are noticing,"Our average claims settlement time has been creeping up for close to a year now, and customer complaints about it have started reaching senior management. We need someone to figure out where the process is actually breaking down, not just recommend hiring more adjusters.",Budget around SGD 60-110/hr for a three-week diagnostic; a solid claims process practitioner is fine for this stage.,2,11,30;31;32,active,2026-08-15 09:00:00,
17,Six-month backlog of unresolved claims needs clearing,"We have a backlog of unresolved claims that's been growing for six months, and internally nobody agrees on where exactly the process is breaking down. We need someone to take ownership of clearing it and fixing the underlying escalation process at the same time.","Budget roughly SGD 110-180/hr for a two-month hands-on engagement; needs someone who has actually run a backlog clearance before, not just diagnosed one.",2,11,30;31;32,active,2026-08-15 09:00:00,
18,Adjusters and underwriting keep dropping claims between each other,"Claims keep falling through the cracks between our adjusters and the underwriting team, and it's usually the customer who notices before we do. We'd like a clear map of where the handoffs are failing and a redesigned process we can roll out within a quarter.",Budget around SGD 55-100/hr for a four-week mapping and redesign exercise; open to a mid-level specialist as long as they've mapped a claims journey before.,2,11,30;31;32,active,2026-08-15 09:00:00,
19,Too many straightforward claims are taking as long as complex ones,"We've noticed that simple, low-value claims are taking almost as long to settle as genuinely complex ones, which suggests our triage isn't actually differentiating between them. We want someone to rebuild the triage and escalation rules so simple cases move fast.","Budget is around SGD 100-170/hr for a five-week engagement; looking for someone senior enough to redesign triage rules with confidence, not just tweak the existing ones.",2,11,30;31;32,active,2026-08-15 09:00:00,
20,Claims transformation needs a fresh set of eyes after our own attempt stalled,"We tried to run a claims transformation project internally last year and it stalled without meaningfully improving settlement times. We're now looking for an experienced outside specialist to restart it properly, with buy-in from senior leadership this time.","Budget up to around SGD 230/hr for a three-month engagement; this needs someone senior enough to have led a claims transformation to a measurable result before, not just participated in one.",2,11,30;31;32,active,2026-08-15 09:00:00,
21,First-time fund manager needs help navigating licensing and launch,"We're a first-time fund manager and have never actually taken a fund from paperwork to launch before, and the regulatory timeline is starting to feel unmanageable on our own. We need someone to manage the entire licensing and launch checklist alongside us.",Budget around SGD 70-130/hr for a three-month engagement through to launch; open to someone earlier in independent practice as long as they've supported a launch before.,3,17,35;42;43,active,2026-08-15 09:00:00,
22,CMS licence application needs to be right the first time,"We're preparing our Capital Markets Services licence application and given how much is riding on approval timing, we want the most experienced person available reviewing it before submission. A previous informal read-through already flagged some concerns we haven't fully resolved.",Budget up to around SGD 240/hr for a focused four-week review before submission; this really needs someone with direct MAS-side licensing experience.,3,17,35;42;43,active,2026-08-15 09:00:00,
23,Existing fund's compliance setup has never been properly reviewed,Our current fund's compliance setup was put together quickly at launch and has never been reviewed by anyone with real regulatory experience since. We'd like a structured gap review against current MAS requirements with a remediation plan we can execute before the next audit.,Budget is roughly SGD 100-180/hr for a four-week review; looking for someone senior enough to sign off on the remediation plan with confidence.,3,17,35;42;43,active,2026-08-15 09:00:00,
24,Need help onboarding a fund administrator and custodian before launch,"We're weeks from our target launch date and still need to onboard a fund administrator and custodian, which nobody on the team has actually done end to end before. We'd like hands-on support coordinating this so we hit our launch date.",Budget realistically SGD 55-100/hr for a focused three-week engagement; a mid-level operations specialist is fine for this workstream.,3,17,35;42;43,active,2026-08-15 09:00:00,
25,Expanding our fund range and want compliance set up properly from day one,"We're launching a second fund and, having learned from how messy the compliance setup was the first time, want it done properly from day one this time. The ask is someone to build the compliance manual and reporting cadence fresh rather than copying the first fund's setup.",Budget around SGD 120-200/hr for a six-week engagement ahead of the new fund's launch; ideally someone who has set up fund compliance from scratch more than once.,3,17,35;42;43,active,2026-08-15 09:00:00,
26,Institutional investors are asking ESG questions we can't answer well,"Institutional investors keep asking detailed questions about our sustainable investing process during due diligence, and our current answers are mostly marketing language rather than an actual methodology. We want to build ESG scoring into the investment committee's decision process properly.","Budget around SGD 110-190/hr for a six-week engagement ahead of our next investor due diligence round; ideally someone who has built this for a fund manager before, not just advised on strategy.",3,20,48;49,active,2026-08-15 09:00:00,
27,Sustainability commitments exist on paper but not in the portfolio process,"We have sustainability commitments in our marketing materials that don't actually connect to how portfolio decisions get made day to day. We'd like a practical framework portfolio managers will actually use, not another policy document that sits unread.",Budget realistically SGD 60-110/hr for a four-week build; a mid-level specialist is fine as long as they've built something similarly practical before.,3,20,48;49,active,2026-08-15 09:00:00,
28,New sustainable finance disclosure rules are coming and we're not ready,New sustainable finance disclosure rules are coming into effect soon and our current fund range hasn't been reviewed against them yet. We need a gap review and a realistic plan to close the gaps before the deadline.,Budget is around SGD 100-170/hr for a five-week engagement tied to the regulatory deadline; looking for someone who tracks these disclosure rules closely.,3,20,48;49,active,2026-08-15 09:00:00,
29,Need help pulling together ESG data for our first disclosure,This is our first year producing a standalone sustainability disclosure and we're underestimating how much data gathering and structuring work is involved. We need someone to take that workstream off our plate and get it into the right format.,Budget realistically SGD 50-95/hr for a three-week engagement before our filing deadline; open to someone earlier in their ESG career for this data-focused work.,3,20,48;49,active,2026-08-15 09:00:00,
30,"Board wants a credible ESG strategy, not just a compliance checkbox",Our board has asked for a genuinely credible sustainable investing strategy after an investor questioned our current approach directly in a meeting. We want the most experienced person available to design something that will hold up to serious scrutiny.,Budget up to around SGD 230/hr for a two-month engagement reporting directly to the board; this needs someone with a real track record building ESG frameworks investors respect.,3,20,48;49,active,2026-08-15 09:00:00,
31,Chargeback losses spiked and current rules aren't catching enough,Chargeback losses have spiked noticeably this quarter and our current rule-based fraud checks clearly aren't keeping pace with how fraudsters are adapting. We need someone to find where the losses are actually coming from and fix that specifically.,"Budget around SGD 100-180/hr for a four-week engagement starting immediately given the urgency; a strong senior practitioner is fine, doesn't need to be a former department head.",4,26,59;60,active,2026-08-15 09:00:00,
32,Blocking too many genuine customers with our fraud checks,We're blocking a growing number of legitimate customers with our current fraud checks and support tickets about it are piling up. We'd like a smarter detection approach that cuts false positives without opening us back up to the fraud we're currently catching.,Budget realistically SGD 60-110/hr for a three-week review; open to someone earlier in their fraud analytics career for this scoped review.,4,26,59;60,active,2026-08-15 09:00:00,
33,"Need a real transaction fraud model, not just static rules","Our fraud detection is still entirely rule-based and hasn't been touched since launch, while transaction volume has grown considerably since then. We'd like a proper scoring model built from our own transaction history rather than another round of manual rule tweaks.","Budget up to around SGD 240/hr for a two-month build; this needs someone who has actually built a production fraud model before, not just studied one academically.",4,26,59;60,active,2026-08-15 09:00:00,
34,New fraud pattern showing up that our rules don't catch,"We've started seeing a specific fraud pattern that our existing rules and model simply don't flag, and it's already cost us a meaningful amount this month. We need someone to analyse the pattern and build detection for it quickly.",Budget around SGD 90-160/hr for a focused two-week sprint given the urgency; looking for someone with real hands-on model-building experience.,4,26,59;60,active,2026-08-15 09:00:00,
35,Want a second opinion on our fraud detection setup before scaling,"We're about to scale into a new market and want an independent review of our current fraud detection setup before transaction volume grows further. Nothing is obviously broken yet, but we'd rather catch gaps now than after they've cost us.",Budget realistically SGD 55-100/hr for a two-week review; a mid-level analyst is fine for this preventive check.,4,26,59;60,active,2026-08-15 09:00:00,
36,Business customers waiting almost a week to get verified,"New business customers are currently waiting close to a week to get verified, and we're visibly losing signups because of it. We need the onboarding workflow redesigned to cut wait times without weakening our risk controls.","Budget around SGD 90-160/hr for a five-week redesign; looking for someone who has actually cut onboarding time before, not just diagnosed the problem.",4,25,11;40;58,active,2026-08-15 09:00:00,
37,Verification process can't keep up with signup volume,"Our current identity and business verification checks are mostly manual and clearly can't keep pace with our current signup volume. We'd like a hands-on audit and rebuild of the verification stack, not just a recommendations deck.",Budget realistically SGD 50-95/hr for a three-week engagement; open to a mid-level operations analyst for this diagnostic-and-fix work.,4,25,11;40;58,active,2026-08-15 09:00:00,
38,Manual reviews are backing up as we scale,The compliance team's manual review queue has been growing steadily for months and nobody has redesigned the workflow to match our growth. We want a tiered process that moves low-risk customers fast while still catching what actually matters.,Budget is around SGD 100-170/hr for a six-week engagement; ideally someone with direct experience designing tiered onboarding before.,4,25,11;40;58,active,2026-08-15 09:00:00,
39,Want to know exactly why onboarding is slow before fixing it,We suspect a specific part of our onboarding process is causing most of our delays but don't have the internal capacity to properly analyse the queue and prove it. We'd like a focused diagnostic before committing to a bigger redesign project.,Budget realistically SGD 45-90/hr for a two-week diagnostic; a mid-level analyst is a good fit for this scoped piece of work.,4,25,11;40;58,active,2026-08-15 09:00:00,
40,"Regulator has questioned our onboarding controls, need this fixed fast","A regulator has raised questions about the adequacy of our business verification controls, and we need this addressed with real urgency and credibility. We want the most experienced operations specialist available to lead the response.",Budget up to around SGD 220/hr for an intensive four-week engagement; this needs genuine senior operations leadership experience given the regulatory pressure.,4,25,11;40;58,active,2026-08-15 09:00:00,
41,Need an independent view before we sign this term sheet,We're close to signing a term sheet and want an independent view on whether the target's market claims actually hold up before we commit. We need a structured commercial diligence workstream completed before the investment committee's next meeting.,"Budget around SGD 150-250/hr for a three-week engagement ahead of the committee meeting; needs someone with genuine deal diligence experience, not general market research.",5,29,64;65,active,2026-08-15 09:00:00,
42,Investment committee wants customer concentration checked before we commit,"Our investment committee is specifically asking for a proper diligence review on customer concentration and churn before capital goes out, given how much this deal represents for the fund. We want the most experienced person available given the stakes.",Budget up to around SGD 290/hr for a focused two-week review; this needs someone senior enough that the committee will trust the findings without further validation.,5,29,64;65,active,2026-08-15 09:00:00,
43,Target's growth story needs an outside sanity check,"The target's growth story looks strong on paper, but nobody on our team has time to sanity-check it against outside market data before the deadline. We'd like independent reference calls and market data pulled together into a clear go/no-go recommendation.",Budget realistically SGD 100-170/hr for a two-week turnaround; open to someone earlier in independent practice for this scoped piece.,5,29,64;65,active,2026-08-15 09:00:00,
44,"Need customer reference calls done independently, not by our own team","We want customer reference calls for this deal done by someone independent rather than our own deal team, since customers tend to answer more candidly with a neutral third party. The output needs to directly inform our investment memo.",Budget is around SGD 140-220/hr for a two-week call programme; looking for someone experienced specifically in running these calls for diligence purposes.,5,29,64;65,active,2026-08-15 09:00:00,
45,Need a market sizing estimate fast for our investment memo,Our investment memo is due shortly and we're missing a defensible market sizing and competitive landscape section. We need someone who can turn this around quickly without cutting corners on the underlying sourcing.,"Budget around SGD 90-160/hr for a rapid one-week turnaround; a strong analyst is fine, this doesn't need a senior diligence lead.",5,29,64;65,active,2026-08-15 09:00:00,
46,Just closed an acquisition and need a real first-quarter plan,"We just closed an acquisition and need someone experienced to turn the deal thesis into an actual first-quarter operating plan. We need a prioritised plan covering quick wins and key hires within the first 100 days, tied to the original deal logic.","Budget around SGD 180-270/hr for an intensive first-quarter engagement; this needs someone who has built and executed a 100-day plan before, not just written one.",5,30,66;67,active,2026-08-15 09:00:00,
47,Last integration stalled because nobody owned it,"Our last acquisition stalled within a few months because nobody clearly owned the integration, and we want to avoid repeating that with this deal. We need clear ownership of the integration workstream between the target's team and our reporting requirements.","Budget is roughly SGD 140-220/hr for a two-month engagement; looking for someone senior enough to actually own this workstream, not just advise from the sidelines.",5,30,66;67,active,2026-08-15 09:00:00,
48,Deal thesis needs turning into an actual operating plan,"The deal thesis behind this acquisition is clear on paper, but nobody on our side has actually built a concrete 100-day plan before. We'd like hands-on help building and then executing the plan, not just a strategy document.",Budget realistically SGD 90-160/hr for a six-week engagement; open to someone earlier in independent practice as long as they've supported a plan like this before.,5,30,66;67,active,2026-08-15 09:00:00,
49,Integration is underway but the reporting handover is falling behind,"The integration is broadly on track, but the reporting-line and systems handover work has fallen behind and is starting to create friction with the target's team. We need someone to take ownership of that specific workstream and get it current.","Budget around SGD 130-210/hr for a four-week engagement; needs someone with direct hands-on integration experience, not just planning.",5,30,66;67,active,2026-08-15 09:00:00,
50,Small add-on deal needs a lightweight integration plan,"This is a small add-on acquisition and doesn't need a heavyweight integration programme, but we still want a proper lightweight plan rather than winging it. We'd like someone practical who can scope this appropriately for the deal size.",Budget realistically SGD 80-150/hr for a three-week engagement; a mid-level operator is a good fit given the modest scope of this deal.,5,30,66;67,active,2026-08-15 09:00:00,
51,"Founder stepping back in two years, no real succession plan yet","Our founder is planning to step back within the next two years, and we haven't yet had a real conversation about who takes over or how. Given how sensitive this is, we want someone to facilitate the ownership and control conversation directly, not just recommend that we have it.","Budget around SGD 200-300/hr given the sensitivity and stakes involved; this needs someone with genuine experience facilitating family succession conversations, not a general business advisor.",6,37,79;80,active,2026-08-15 09:00:00,
52,"Next generation wants more say, no structure to give it to them","The next generation is pushing for more say in the family business, and right now there's no governance structure to channel that into productively. We need a governance structure that actually reflects how our family wants to operate day to day.",Budget is roughly SGD 150-240/hr for a two-month engagement; ideally someone senior enough to navigate multiple family stakeholders with different views.,6,37,79;80,active,2026-08-15 09:00:00,
53,Family business handover needs proper structure before it's forced,"We know a handover is coming eventually and would rather structure it properly now than have it forced on us by circumstance later. We'd like a phased plan with real milestones, not an open-ended understanding everyone interprets differently.",Budget around SGD 130-210/hr for a six-week planning engagement; looking for someone with a track record of structuring handovers with clear timelines.,6,37,79;80,active,2026-08-15 09:00:00,
54,Need governance documents drafted ahead of a family meeting,"We have a family meeting coming up specifically to discuss succession principles and need proper governance documentation and discussion materials prepared beforehand. This is a defined, scoped piece of work rather than the full advisory engagement.",Budget realistically SGD 80-150/hr for a two-week preparation window; a mid-level family office associate is a good fit for this documentation-focused work.,6,37,79;80,active,2026-08-15 09:00:00,
55,Multiple family members disagree on succession approach,"We have several family members with genuinely different views on how succession should work, and previous informal conversations have gone poorly. We need the most experienced facilitator available to help the family reach some kind of workable agreement.","Budget up to around SGD 280/hr given how difficult these conversations have been so far; this absolutely needs someone with deep, proven experience facilitating contentious family discussions.",6,37,79;80,active,2026-08-15 09:00:00,
56,"About to commit capital to external managers, want them properly vetted",We're about to commit meaningful capital to a few external managers and want an independent party to properly vet them before we do. We need full due diligence completed on the shortlist before any capital is committed.,"Budget around SGD 170-250/hr given the size of the commitment; this needs someone with genuine manager due diligence experience, not a general investment advisor.",6,35,76;77,active,2026-08-15 09:00:00,
57,Manager picking process is basically word of mouth right now,"Our current process for picking outside fund managers is essentially word of mouth, and we'd like to professionalise it. The ask is a proper research process our own team can eventually run without outside help.",Budget realistically SGD 70-130/hr for a six-week engagement; open to someone earlier in their manager-research career for this process-building work.,6,35,76;77,active,2026-08-15 09:00:00,
58,Underperformance keeps going unnoticed until the annual review,"Underperformance among our external managers seems to go unnoticed until the annual review, by which point it's already cost us. We'd like an ongoing monitoring framework that flags problems well before the annual review does.",Budget is roughly SGD 110-190/hr for a five-week build; ideally someone who has built a manager monitoring system for a family office before.,6,35,76;77,active,2026-08-15 09:00:00,
59,Need our manager universe narrowed to a proper shortlist,We have a long list of candidate managers we're interested in but no structured way to compare them against each other. We'd like help narrowing this down to a genuinely comparable shortlist before we begin deeper diligence ourselves.,Budget realistically SGD 60-110/hr for a three-week screening exercise; a mid-level research associate is a good fit for this scoping work.,6,35,76;77,active,2026-08-15 09:00:00,
60,One of our managers has shown concerning operational signs,One of our existing external managers has shown some operational warning signs recently and we want an independent operational due diligence review before deciding whether to stay invested. Time matters here given the concern.,"Budget around SGD 120-200/hr for a focused two-week review; needs someone with genuine operational due diligence depth, not just performance analysis.",6,35,76;77,active,2026-08-15 09:00:00,
61,"Claims rejection rate climbing, cash collection falling behind","Our claims rejection rate has been climbing for months, and cash collection has fallen noticeably behind as a direct result. We need someone to trace the rejection spike back to its cause and fix the underlying process, not just resubmit the current backlog.","Budget around SGD 80-150/hr for a five-week engagement; looking for someone with real billing operations experience, not general finance consulting.",7,40,85;86;87,active,2026-08-15 09:00:00,
62,Waiting too long to get paid by insurers,"We're waiting far longer than we should to get paid by insurers, and suspect the billing process itself is the underlying problem rather than the insurers being slow. We'd like a redesigned claims workflow that gets us paid faster on a sustained basis.",Budget realistically SGD 50-95/hr for a three-week engagement; a mid-level billing analyst is a good fit to start with a diagnostic.,7,40,85;86;87,active,2026-08-15 09:00:00,
63,Billing process hasn't been reviewed since the clinic group opened,"Our billing workflow hasn't been reviewed since the clinic group first opened several years ago, and revenue leakage has become hard to ignore as we've grown. We'd like a full audit of the revenue cycle with a concrete, prioritised fix list.",Budget around SGD 130-200/hr for a six-week full-cycle audit; this needs someone with genuine multi-clinic revenue cycle leadership experience.,7,40,85;86;87,active,2026-08-15 09:00:00,
64,One insurer keeps rejecting our claims for the same reason,"We keep getting claims rejected by one specific insurer for reasons that seem fixable, but nobody internally has dug into exactly what's going wrong. We need a focused analysis of this specific denial pattern and a documentation fix.",Budget realistically SGD 45-90/hr for a two-week focused analysis; a billing analyst is a good fit for this narrowly scoped issue.,7,40,85;86;87,active,2026-08-15 09:00:00,
65,Days-in-receivables have crept up over the past year,"Our days-in-receivables metric has crept up steadily over the past year without an obvious single cause, and finance leadership wants this addressed before the next board review. We need someone to review submission timing and documentation practices across the board.",Budget around SGD 90-160/hr for a four-week review ahead of the board meeting; ideally someone senior enough to present findings directly to leadership.,7,40,85;86;87,active,2026-08-15 09:00:00,
66,Want to offer remote consultations but no idea where to start,"We want to offer remote consultations but have no real sense of how to set up the workflow or choose the right platform. We need someone who has actually taken a virtual care service live before, not just configured a demo environment.","Budget around SGD 90-160/hr for a six-week engagement from planning through to launch; ideally someone with hands-on rollout experience, not just platform knowledge.",7,42,43;91,active,2026-08-15 09:00:00,
67,Telehealth pilot stalled and clinical staff have lost interest,"Our attempt at a telehealth pilot has stalled for months, and clinical staff have mostly stopped engaging with it. We need a diagnosis of exactly why the pilot stalled and a concrete plan to relaunch it.",Budget is around SGD 80-140/hr for a four-week diagnostic-and-relaunch engagement; looking for someone who has recovered a stalled rollout before.,7,42,43;91,active,2026-08-15 09:00:00,
68,Need a virtual care workflow that clinicians will actually use,"We already picked a telehealth platform, but the clinical workflow around it was never designed properly, so adoption among our clinicians is low. We'd like the workflow redesigned around the platform we have so staff will actually use it.",Budget realistically SGD 50-95/hr for a three-week engagement; a mid-level workflow specialist is fine given the platform is already chosen.,7,42,43;91,active,2026-08-15 09:00:00,
69,Clinicians keep defaulting back to phone calls instead of the platform,We rolled out a telehealth platform months ago but clinicians keep defaulting back to plain phone calls instead of using it properly. We need focused help driving actual adoption rather than more technical configuration.,Budget realistically SGD 45-85/hr for a focused three-week adoption push; open to someone earlier in their telehealth career for this training-focused work.,7,42,43;91,active,2026-08-15 09:00:00,
70,"Board wants telehealth to become a genuine service line, not a side project","Our board wants telehealth to become a genuine, properly resourced service line rather than the side project it currently is, and expects a credible plan to get there. We want the most experienced person available given how visible this initiative has become.",Budget up to around SGD 220/hr for a two-month engagement reporting to the board; this needs someone who has taken telehealth from pilot to real service line before.,7,42,43;91,active,2026-08-15 09:00:00,
71,"Adverse event reports consistently late, regulator has noticed","Regulators have flagged our adverse event reports as consistently late across two reporting cycles now, and it needs fixing before the next one. We need someone who has actually fixed a late-reporting problem before, not just designed a process on paper.",Budget around SGD 130-210/hr for a five-week engagement given the urgency; looking for genuine hands-on pharmacovigilance operations experience.,8,46,54;100;101,active,2026-08-15 09:00:00,
72,"Launching a new product, no safety reporting operation exists yet","We're launching a new product in a new market and currently have no formal safety reporting operation in place. We need a safety operation built from scratch, ready before our launch date, and given the timeline pressure we want the most experienced person available.",Budget up to around SGD 250/hr for an intensive six-week build ahead of launch; this needs someone who has done this specific build-from-scratch work before.,8,46,54;100;101,active,2026-08-15 09:00:00,
73,"Inspection announced, safety operations have never been reviewed",An inspection has just been announced and our pharmacovigilance operations have never been reviewed by anyone with real regulatory experience. We'd like a rapid readiness review with a clear list of what needs fixing before the inspection.,Budget is roughly SGD 140-220/hr for a focused three-week review ahead of the inspection date; needs real inspection-side experience given the short timeline.,8,46,54;100;101,active,2026-08-15 09:00:00,
74,Case processing keeps causing minor deadline slips,"Our case processing isn't causing major regulatory problems yet, but we keep having minor deadline slips that make us nervous about what happens as volume grows. We'd like a practical review of the day-to-day workflow before it becomes a bigger issue.",Budget realistically SGD 60-110/hr for a three-week review; a mid-level case processing specialist is a good fit for this preventive check.,8,46,54;100;101,active,2026-08-15 09:00:00,
75,Safety database process has never scaled well as volume grew,Our safety database and reporting process was designed for a much smaller product volume and clearly hasn't scaled well as we've grown. We need someone to redesign the workflow around our current and expected case volume.,"Budget around SGD 120-200/hr for a five-week redesign; ideally someone who has scaled a pharmacovigilance operation before, not just set one up initially.",8,46,54;100;101,active,2026-08-15 09:00:00,
76,Trial enrolment has fallen well behind plan,"Our study enrolment has fallen significantly behind plan, and the sponsor is now asking hard questions about the timeline. We need a concrete recovery plan for enrolment, not just an assessment of how far behind we are.","Budget up to around SGD 250/hr given the pressure from the sponsor; this needs someone who has actually recovered a lagging trial before, not just diagnosed one.",8,47,28;54;102;103,active,2026-08-15 09:00:00,
77,Sponsor asking hard questions about our study timeline,"A recent data quality issue flagged by the sponsor has put our next regulatory milestone at risk, and we need this resolved with real urgency. We need a tightened data quality and monitoring process before the next milestone.",Budget is roughly SGD 120-200/hr for a focused four-week engagement; needs someone with real experience fixing data quality issues under time pressure.,8,47,28;54;102;103,active,2026-08-15 09:00:00,
78,Multi-country trial coordination is harder than expected,"Coordinating operations across multiple countries for this trial has proven harder than we expected internally, with enrolment and data quality both slipping in different sites. We'd like hands-on coordination support across sites, not just advice from a distance.",Budget around SGD 110-190/hr for a two-month engagement; ideally someone with direct multi-country site coordination experience.,8,47,28;54;102;103,active,2026-08-15 09:00:00,
79,One site is enrolling much slower than the rest,One specific site is enrolling noticeably slower than our other sites in the same study and we're not sure why. We'd like a focused review of that site's enrolment process to identify the bottleneck.,Budget realistically SGD 60-110/hr for a two-week site-level review; a mid-level clinical research associate is a good fit for this scoped work.,8,47,28;54;102;103,active,2026-08-15 09:00:00,
80,Need trial operations support ahead of an upcoming database lock,We have a database lock milestone coming up and our internal operations team doesn't have capacity to manage both ongoing enrolment and data quality review simultaneously. We need experienced support to keep both workstreams on track through lock.,Budget around SGD 130-210/hr for a six-week engagement through database lock; needs someone comfortable managing both enrolment and data quality at once.,8,47,28;54;102;103,active,2026-08-15 09:00:00,
81,"Failed our pre-certification audit, need this fixed before reapplying",We failed a pre-certification audit for our device quality system and need it fixed properly before we reapply. We need a prioritised fix plan aimed specifically at passing the next certification audit.,"Budget up to around SGD 220/hr given the stakes of reapplying; this needs someone with genuine certification-readiness experience, not general quality consulting.",9,51,109;110,active,2026-08-15 09:00:00,
82,Quality processes never properly reviewed since we started manufacturing,"Our quality management processes haven't been reviewed by anyone with real audit experience since we started manufacturing. We'd like a proper quality management system build, not a documentation exercise that just looks compliant.",Budget around SGD 100-170/hr for a two-month engagement; looking for someone who has built a genuine QMS from an existing manufacturing operation before.,9,51,109;110,active,2026-08-15 09:00:00,
83,"Repeated non-conformances in our audits, need a real fix",The same non-conformances keep showing up in our audits and internal fixes clearly aren't sticking. We'd like the CAPA process rebuilt so the same issues stop recurring audit after audit.,"Budget is roughly SGD 110-190/hr for a five-week engagement; needs someone with real root-cause CAPA experience, not just documentation updates.",9,51,109;110,active,2026-08-15 09:00:00,
84,Document control has fallen behind ahead of our next audit,Our document control has fallen behind and we have a surveillance audit coming up that we're not confident we're ready for on this front specifically. We need someone to bring document control current before the audit date.,Budget realistically SGD 55-100/hr for a focused two-week cleanup; a mid-level quality systems associate is a good fit for this scoped task.,9,51,109;110,active,2026-08-15 09:00:00,
85,Expanding production and worried our QMS won't scale,We're expanding production significantly and are concerned our current quality management system was built for a much smaller operation. We want someone to review whether it will hold up at the new scale and fix what won't.,Budget around SGD 120-200/hr for a six-week review; ideally someone who has scaled a device manufacturer's QMS through a similar growth phase.,9,51,109;110,active,2026-08-15 09:00:00,
86,"Expanding to new markets, no post-market process exists","We're expanding into new markets and currently have no proper process for tracking device complaints after launch. We need a full surveillance process built before our next market launch, and given the timeline we want the most experienced person available.",Budget up to around SGD 220/hr for an intensive engagement ahead of the launch date; this needs someone who has built a surveillance programme for a new market entry before.,9,53,112;113,active,2026-08-15 09:00:00,
87,Customer complaints about our device have gone unreviewed too long,"Several customer complaints about our device have gone unreviewed for longer than we're comfortable with, and we need this resolved urgently given the compliance exposure. We need an urgent review and clearance of the current complaint backlog.",Budget is roughly SGD 110-190/hr for a focused three-week clearance; needs someone with real complaint-handling depth given the urgency.,9,53,112;113,active,2026-08-15 09:00:00,
88,Not sure our post-market data has been checked for reportable trends,"We're not confident our post-market data has ever been properly checked for trends that should trigger a regulatory report, and would rather find out now than have a regulator find out first. We'd like an independent check of our post-market data for anything we may have missed.",Budget around SGD 100-180/hr for a three-week data review; ideally someone with genuine trend-analysis experience in this specific regulatory context.,9,53,112;113,active,2026-08-15 09:00:00,
89,"Currently tracking complaints in a spreadsheet, need something better",We currently track device complaints in a shared spreadsheet that's becoming unmanageable as our complaint volume grows. We'd like a lightweight but properly auditable system set up to replace it.,Budget realistically SGD 50-95/hr for a two-week setup; a mid-level associate is a good fit for this scoped systems work.,9,53,112;113,active,2026-08-15 09:00:00,
90,Recent complaint volume spike has us worried about reportable trends,We've seen a noticeable spike in complaint volume recently and want an independent assessment of whether it represents a reportable trend before we decide how to respond. Time matters here given the potential regulatory implications.,Budget around SGD 120-200/hr for a focused two-week assessment; needs someone comfortable making a defensible regulatory judgment call quickly.,9,53,112;113,active,2026-08-15 09:00:00,
91,"Have a rough course outline, need it turned into real content","We have a rough outline for a new certification course but need someone to actually turn it into structured, teachable content. We need the outline turned into a fully sequenced, instructor-ready programme.",Budget around SGD 70-130/hr for a six-week build; looking for someone who has taken a rough outline all the way to finished content before.,10,56,117;118,active,2026-08-15 09:00:00,
92,Students keep dropping out partway through our programme,"Students keep dropping out partway through our current programme, and we suspect the content sequencing itself is the issue rather than the subject matter. We need a specific review of where learners drop off and a rebuild of just those modules.","Budget realistically SGD 60-110/hr for a four-week diagnostic-and-rebuild engagement; a strong instructional designer is fine, doesn't need to be a former curriculum head.",10,56,117;118,active,2026-08-15 09:00:00,
93,Certification programme content needs building from scratch,"We're launching a new certification and currently have nothing beyond a short description of what it should cover. Given how much this programme matters to our positioning, we want the most experienced curriculum designer available.","Budget up to around SGD 170/hr for a two-month build; this needs someone with a genuine track record building full certification programmes, not general instructional design.",10,56,117;118,active,2026-08-15 09:00:00,
94,Assessments don't seem to match what we're actually teaching,"We've noticed learners passing our assessments even when they clearly haven't grasped the material, which suggests the assessments aren't testing the right things. We'd like a focused review and rebuild of the assessment design.",Budget realistically SGD 40-80/hr for a three-week assessment review; a mid-level instructional designer is a good fit for this scoped work.,10,56,117;118,active,2026-08-15 09:00:00,
95,Need our syllabus properly sequenced before the next cohort starts,"Our next cohort starts in a few weeks and our current syllabus is really just a list of topics rather than a properly sequenced programme. We need this turned into a real, teachable curriculum before the start date.",Budget around SGD 75-135/hr for a fast three-week turnaround; needs someone comfortable working under a tight deadline.,10,56,117;118,active,2026-08-15 09:00:00,
96,New learning platform switch has been stuck for months,"Our attempt to switch to a new online learning platform has been stuck for months, and instructors are visibly frustrated with the delay. We need someone who has deployed a learning platform for real use before, not just configured a demo environment.",Budget around SGD 70-130/hr for a two-month engagement through to live go-live; looking for someone with a track record recovering stalled rollouts.,10,58,27;120,active,2026-08-15 09:00:00,
97,Instructors frustrated with our stalled LMS rollout,"We picked a new LMS a while ago but the rollout has never actually gone live properly, and instructor patience is wearing thin. We need a realistic go-live plan with clear ownership of what's still outstanding.","Budget realistically SGD 60-110/hr for a six-week recovery engagement; a strong deployment specialist is fine, doesn't need to be the most senior available.",10,58,27;120,active,2026-08-15 09:00:00,
98,"Need a platform deployed properly, not just configured for a demo","We've tried configuring an LMS ourselves and it works fine as a demo but has never actually been rolled out for real use by instructors and students. Given how much time we've already lost, we want the most experienced person available to take this all the way to real adoption.",Budget up to around SGD 170/hr for a two-month full rollout; this needs someone who has taken a platform from demo to genuine adoption before.,10,58,27;120,active,2026-08-15 09:00:00,
99,Grading integration keeps breaking our course migration,Our course migration has stalled specifically because of a recurring grading integration issue between our new LMS and our existing systems. We need this specific technical bottleneck resolved so the migration can continue.,Budget realistically SGD 40-80/hr for a focused one-week fix; a mid-level integration specialist is a good fit for this narrowly scoped issue.,10,58,27;120,active,2026-08-15 09:00:00,
100,Migration is technically done but instructors aren't using it,"The technical migration to our new LMS is essentially complete, but instructor adoption has been disappointing so far. We need someone to run targeted training and adoption support to close that gap.","Budget around SGD 75-135/hr for a three-week adoption push; looking for someone experienced specifically in driving instructor adoption, not just technical migration.",10,58,27;120,active,2026-08-15 09:00:00,
101,A few buildings in our portfolio keep underperforming,"A few buildings in our portfolio have consistently underperformed for a while now, and we'd like an independent view on what's actually wrong before we take any drastic action. We need an asset-level review that identifies specific fixes, not a general portfolio commentary.","Budget around SGD 90-160/hr for a five-week review; looking for someone with direct asset management experience, not just investment analysis.",13,74,85;146,active,2026-08-15 09:00:00,
102,Property yields have been flat for two years,Our property yields have been flat for roughly two years and we suspect the asset strategy itself needs a proper review rather than just waiting for the market to turn. We'd like a benchmarking exercise to understand what's actually different about our underperformance.,Budget realistically SGD 45-90/hr for a three-week benchmarking exercise; a mid-level analyst is a good fit for this diagnostic-focused work.,13,74,85;146,active,2026-08-15 09:00:00,
103,Need an independent hold-or-sell recommendation on an aging asset,"We have an aging office asset and can't decide internally whether to refurbish or sell it, with strong opinions on both sides. We'd like a clear, evidence-based recommendation backed by comparable market data.",Budget is around SGD 100-170/hr for a four-week analysis; needs someone senior enough that both sides of our internal debate will trust the recommendation.,13,74,85;146,active,2026-08-15 09:00:00,
104,Suspect some of our leases are underpriced relative to the market,We suspect some of our leases are underpriced relative to current market rates but haven't done a systematic review to confirm it. We'd like someone to identify which leases are underpriced and how much upside renegotiation could realistically capture.,Budget realistically SGD 50-95/hr for a three-week lease review; a mid-level specialist is fine for this data-focused task.,13,74,85;146,active,2026-08-15 09:00:00,
105,Board wants a full asset strategy overhaul across the portfolio,"Our board has asked for a full asset strategy overhaul across the entire portfolio after a disappointing set of annual results, and expects a credible, defensible plan. Given the visibility of this review, we want the most experienced asset manager available.",Budget up to around SGD 220/hr for a two-month portfolio-wide review; this needs a genuinely senior asset management track record given the board-level visibility.,13,74,85;146,active,2026-08-15 09:00:00,
106,Keep missing lease renewal deadlines,We keep missing lease renewal deadlines because our current tracking process is essentially an outdated spreadsheet nobody maintains consistently. We need a proper renewal tracking system that doesn't depend on someone remembering to check it.,"Budget around SGD 50-100/hr for a three-week setup; looking for someone with hands-on lease tracking system experience, not just general property management.",13,75,147;148,active,2026-08-15 09:00:00,
107,Tenants keep disputing billing and records don't look accurate,"Tenants keep disputing their billing, and we suspect our underlying lease records aren't accurate anymore after years of amendments. We'd like the billing disputes traced back to their source and the records corrected.",Budget realistically SGD 45-90/hr for a four-week investigation and correction; a strong lease operations specialist is fine for this.,13,75,147;148,active,2026-08-15 09:00:00,
108,Lease register hasn't matched actual agreements in a while,"We're fairly sure our lease register hasn't matched the actual signed agreements for some time now, across a fairly large portfolio. Given the scale involved, we want someone with genuine experience running a full lease register audit before.",Budget up to around SGD 150/hr for a six-week full audit; this needs someone who has cleaned up a lease register at this scale before.,13,75,147;148,active,2026-08-15 09:00:00,
109,Need lease records reconciled against a batch of recent agreements,We have a batch of recently signed lease agreements that haven't been properly entered into our lease register yet. We need someone to reconcile these against the register and correct any discrepancies found.,Budget realistically SGD 35-65/hr for a two-week reconciliation task; a mid-level coordinator is a good fit for this defined scope.,13,75,147;148,active,2026-08-15 09:00:00,
110,Want a renewal alert system before we miss another deadline,We narrowly avoided missing a major lease renewal recently and it made clear we need a real alert system rather than relying on individual memory. We'd like this set up properly so it doesn't happen again.,Budget around SGD 55-105/hr for a three-week setup and handover; ideally someone who has implemented a similar system for another property manager.,13,75,147;148,active,2026-08-15 09:00:00,
111,"Construction project running over budget, nobody can say why","Our construction project is running well over budget, and nobody can tell us exactly why until it's already too late to act. We need proper cost and schedule controls put in place immediately, not a report on what's already gone wrong.",Budget around SGD 90-170/hr for an immediate five-week engagement; looking for someone who can move fast given how far along the project already is.,14,80,149;158;159;160,active,2026-08-15 09:00:00,
112,Build schedule keeps slipping with no formal controls in place,"The build schedule keeps slipping, and we don't currently have formal cost and schedule controls in place to catch it early. Given how much is at stake on this project, we want the most experienced project controls specialist available.","Budget up to around SGD 240/hr for a two-month engagement; this needs someone with a genuine track record recovering large, at-risk projects.",14,80,149;158;159;160,active,2026-08-15 09:00:00,
113,Need visibility into cost and schedule before it's too late,"We need visibility into where the project actually stands financially before the next milestone review, and currently rely on informal updates rather than a proper reporting process. We'd like a straightforward variance reporting process our own team can maintain.",Budget realistically SGD 55-100/hr for a three-week setup; a mid-level analyst is a good fit for this reporting-focused work.,14,80,149;158;159;160,active,2026-08-15 09:00:00,
114,Site team keeps being surprised by cost overruns late in each phase,"Our site team keeps being surprised by cost overruns that only become visible late in each construction phase, by which point it's expensive to correct. We want an early-warning tracking system that catches this while it's still cheap to fix.",Budget around SGD 100-180/hr for a six-week engagement; ideally someone who has built early-warning systems for construction projects before.,14,80,149;158;159;160,active,2026-08-15 09:00:00,
115,Need a realistic re-baselined schedule after a bad first estimate,Our original project schedule was clearly too optimistic and we're now well behind it with no credible plan to get back on track. We need a properly re-baselined schedule that reflects reality rather than wishful thinking.,"Budget is around SGD 95-175/hr for a four-week re-baselining exercise; needs someone comfortable delivering a realistic, sometimes unwelcome, assessment.",14,80,149;158;159;160,active,2026-08-15 09:00:00,
116,"Had a safety near-miss, programme needs proper review","We had a safety near-miss on site recently and need the safety programme properly reviewed and rebuilt before it happens again. Given the seriousness of what nearly happened, we want the most experienced safety specialist available.",Budget up to around SGD 190/hr for an urgent four-week review; this needs a genuine track record rebuilding safety programmes after a serious incident.,14,81,161;162;163,active,2026-08-15 09:00:00,
117,Client keeps failing us on quality inspections,"Our client keeps failing us on quality inspections, and internal fixes haven't stuck despite repeated attempts. We'd like the recurring root cause behind our failed inspections identified and fixed properly this time.","Budget around SGD 80-140/hr for a five-week engagement; looking for someone with genuine root-cause QA/QC experience, not another generic checklist.",14,81,161;162;163,active,2026-08-15 09:00:00,
118,Suspect our safety processes exist on paper but aren't followed on site,We suspect our current safety and QC processes exist on paper but aren't actually followed on site under normal time pressure. We'd like an honest assessment of what's really happening versus what the documentation says.,Budget realistically SGD 45-90/hr for a two-week on-site assessment; a mid-level safety officer is a good fit for this observational work.,14,81,161;162;163,active,2026-08-15 09:00:00,
119,Need site safety and QC processes site teams will actually use,Our current safety paperwork is technically complete but clearly just gets backfilled after the fact rather than genuinely followed during work. We need documentation and checkpoints designed around how the site team actually operates.,"Budget is around SGD 85-150/hr for a four-week redesign; needs someone who understands real site behaviour, not just compliance theory.",14,81,161;162;163,active,2026-08-15 09:00:00,
120,Want a fresh set of eyes on our site safety practices before an audit,"We have a client audit coming up and want an independent, practical review of our site safety practices beforehand, without needing a full programme rebuild. This is meant to be a lighter-touch check rather than a major engagement.",Budget realistically SGD 40-85/hr for a one-week walk-through and review; open to a mid-level safety specialist for this scoped pre-audit check.,14,81,161;162;163,active,2026-08-15 09:00:00,
121,"Equipment getting older, need a proper integrity review",Our equipment is getting older and we need a proper integrity review before something fails unexpectedly and causes a costly unplanned outage. We need a prioritised fix plan aimed at the highest failure-risk gaps first.,"Budget around SGD 130-210/hr for a six-week review; looking for someone with direct hands-on integrity engineering experience, not just a general safety consultant.",16,89,146;172,active,2026-08-15 09:00:00,
122,Recent audit flagged gaps in our inspection programme,"A recent audit flagged gaps in how we inspect and maintain our processing equipment, and we need this addressed properly rather than a superficial paperwork fix. We need a risk-based inspection strategy specifically for our ageing assets.",Budget is roughly SGD 120-200/hr for a five-week engagement; needs someone with genuine risk-based inspection design experience.,16,89,146;172,active,2026-08-15 09:00:00,
123,Inspection records are scattered and hard to use for planning,"Our historical inspection records are scattered across different systems and formats, making it hard to use them for any kind of forward-looking risk planning. We need someone to consolidate this into something usable before we can even start a proper risk assessment.",Budget realistically SGD 60-110/hr for a three-week consolidation project; a mid-level associate is a good fit for this data-focused work.,16,89,146;172,active,2026-08-15 09:00:00,
124,Worried about unplanned failure on ageing processing equipment,"We're increasingly concerned about unplanned failure risk on equipment that's now well past its original design life, and a failure here would be extremely costly. Given the stakes, we want the most experienced integrity specialist available.","Budget up to around SGD 260/hr for an intensive six-week assessment; this needs someone with a genuine track record on ageing, high-consequence assets.",16,89,146;172,active,2026-08-15 09:00:00,
125,Want an independent second look at recent inspection findings,"Our internal team has reviewed recent inspection findings and believes everything is fine, but leadership wants an independent second opinion given how much is riding on this equipment staying operational. We'd like someone to specifically check for any concerning trends our own team might have missed.",Budget around SGD 110-190/hr for a three-week independent review; needs someone comfortable disagreeing with an internal team's assessment if warranted.,16,89,146;172,active,2026-08-15 09:00:00,
126,"Major shutdown coming up, no dedicated planning office yet","We have a major plant shutdown coming up and currently no dedicated planning office to manage the scope and schedule. Given how much is at stake with a shutdown this size, we want the most experienced turnaround leader available.",Budget up to around SGD 270/hr for the full planning and execution period; this needs a genuine track record leading turnarounds of comparable scale.,16,90,18;173;174,active,2026-08-15 09:00:00,
127,Last turnaround ran significantly over schedule,"Our last shutdown ran significantly over schedule, and we want proper turnaround planning support this time around to avoid a repeat. We need the full scope, schedule, and resourcing plan built well ahead of execution.",Budget is roughly SGD 140-220/hr for a two-month planning engagement ahead of the shutdown date; looking for someone who has planned a comparable turnaround before.,16,90,18;173;174,active,2026-08-15 09:00:00,
128,Need someone experienced running a turnaround planning office,"We need someone who has actually run a turnaround planning office before, not just participated in one, given how tight our shutdown window is this time. The ask is a planning office that catches scope creep in days, not after the shutdown is over.",Budget around SGD 130-210/hr through the execution window; needs someone comfortable making fast calls under real operational pressure.,16,90,18;173;174,active,2026-08-15 09:00:00,
129,Need scope and resourcing tracked closely during an upcoming shutdown,We have the core turnaround plan in place already but want someone dedicated to tracking scope changes and resourcing needs closely as the shutdown progresses. This is a support role within a larger planning effort rather than leading it.,Budget realistically SGD 70-130/hr for the shutdown duration; a mid-level planning associate is a good fit for this tracking-focused role.,16,90,18;173;174,active,2026-08-15 09:00:00,
130,Shutdown is already underway and starting to slip,"Our shutdown is already underway and has started slipping against the original schedule, with pressure mounting to get the plant back online. We need someone to step in immediately and rebuild a realistic recovery plan.","Budget around SGD 150-230/hr for immediate engagement through to restart; needs someone who has recovered an in-progress shutdown before, not just planned one from the start.",16,90,18;173;174,active,2026-08-15 09:00:00,
