provider_id,full_name,credentials,availability,rate_per_hour,work_description,about_title,about_description,services_offered_title,services_offered_description,relevant_experience,status,created_at,updated_at
1,Yushan Edison Lin,"Ex-Head of Regulatory Reporting, DBS Group","Available Mondays to Sundays, flexible around client timezone",210,Prefers a fixed-scope engagement with a clearly defined deliverable and milestone check-ins.,Basel III & IFRS9 Regulatory Reporting Lead,"Spent eighteen years inside regulatory reporting functions at two Singapore banks, rising to Head of Regulatory Reporting before going independent three years ago to focus purely on remediation work for banks that have already failed an MAS review.",Regulatory Reporting Remediation,"Takes ownership of a single broken regulatory return end-to-end, tracing the mismatch back through the risk engine and the general ledger before rebuilding the reconciliation process that produced it.",Closed a reconciliation gap in a top-3 Singapore bank's capital adequacy return that had drawn repeated auditor attention across eight consecutive quarters.,approved,2026-08-01 09:00:00,
2,Marcus Tan,"Former Senior Manager, Regulatory Reporting, regional bank",Available weekday evenings and weekends only,165,"Runs a short discovery workshop first, then executes with a small dedicated working group.","Independent Advisor, Bank Capital & Provisioning Reporting","Ran Basel and IFRS9 reporting cycles at a regional bank for nine years before moving into independent advisory, with particular depth in the handoff between risk model outputs and the finance disclosure layer.",IFRS9 Provisioning Model Review,"Reviews an existing IFRS9 expected-credit-loss model against current staging rules and macro overlay assumptions, then rebuilds whichever component is producing numbers auditors keep querying.","Rebuilt the IFRS9 staging logic for a regional bank whose provisioning numbers had failed two consecutive external audit reviews, clearing both findings on resubmission.",approved,2026-08-01 09:00:00,
3,Priya Nair,"Former MAS secondee, regulatory reporting review team",Available for up to 3 days/week for the right engagement,190,Operates independently and reports progress asynchronously; no daily standups required.,"Regulatory Reporting Specialist, Ex-MAS Secondment","Completed a two-year secondment on MAS's regulatory reporting review team before returning to industry, giving her a first-hand view of exactly what a thematic review actually checks for.",Pre-Submission Regulatory Review,"Runs a structured pre-submission review of a bank's capital and provisioning returns against what an MAS thematic review would test, well before the numbers are due.",Flagged a data lineage gap in a mid-size bank's capital return three weeks before submission that would otherwise have triggered a formal MAS finding.,approved,2026-08-01 09:00:00,
4,Daniel Koh,"Finance-risk reconciliation specialist, five years in banking",Available on 2 weeks' notice from confirmed start date,130,,Finance-Risk Reconciliation Consultant,"Spent five years inside a bank's finance-risk reconciliation team working specifically the gap between what risk models output and what finance actually reports, now consulting on that exact problem for smaller banks.",Finance-Risk Data Reconciliation,"Traces a specific reconciliation break back to its source across the risk engine, the general ledger, and the regulatory reporting layer, then documents a repeatable process so it doesn't recur.",Delivered a clean capital return for a smaller bank three weeks ahead of an MAS thematic review after the prior quarter's submission had been pulled back for correction.,approved,2026-08-01 09:00:00,
5,Wen Yeong Chua,"Former Head of Financial Crime Compliance, regional bank","Available immediately, full-time capacity for the next quarter",200,"Prefers to embed with the internal team, with weekly steering updates and a shared tracker.",Financial Crime Compliance Architect,"Led financial crime compliance at a regional bank for over a decade, including two full MAS thematic inspections, before establishing an independent practice focused entirely on rebuilding AML programs that have already drawn regulatory attention.",AML Program Rebuild,"Maps the complete customer due diligence workflow end to end, identifies where stated policy diverges from what actually happens at onboarding, and rebuilds the risk-based approach around the gap.","Rebuilt the AML program for a mid-size bank after an MAS inspection specifically cited weaknesses in how customers were risk-rated at onboarding, with the revised program passing a follow-up review without further findings.",approved,2026-08-01 09:00:00,
6,Rachel Goh,"Certified AML specialist (CAMS), twelve years in KYC program design","Available Mondays to Fridays, standard business hours",150,Prefers a fixed-scope engagement with a clearly defined deliverable and milestone check-ins.,CAMS-Certified AML/KYC Advisor,"Twelve years designing and testing customer due diligence frameworks across three different banks, with a particular focus on making sure transaction monitoring rules actually reflect the risks a bank claims to be managing.",Transaction Monitoring Rule Review,"Runs an independent review of transaction monitoring rules and onboarding checks against current MAS Notice 626 expectations, then prioritises fixes by regulatory risk rather than ease of implementation.","Led a financial crime framework overhaul for a payments fintech in the year before its full banking licence application, which was approved on the first submission.",approved,2026-08-01 09:00:00,
7,Benjamin Lim,Former MAS Notice 626 thematic review team member,"Available Mondays to Sundays, flexible around client timezone",175,"Runs a short discovery workshop first, then executes with a small dedicated working group.","AML Compliance Advisor, Ex-MAS Reviewer","Spent three years on the MAS side reviewing bank AML programs against Notice 626 before moving into industry, which means he knows precisely which control gaps a real inspection actually surfaces versus which ones only look bad on paper.",Pre-Inspection AML Readiness Review,"Runs a mock inspection against the bank's actual AML controls, scoring each area the way MAS would, and hands over a prioritised list of what needs fixing before the real thing.","Identified a customer risk-rating gap during a mock review that, once fixed, meant the client's subsequent live MAS inspection closed with no material findings.",approved,2026-08-01 09:00:00,
8,Aisha Rahman,"AML operations specialist, payments fintech background",Available weekday evenings and weekends only,105,Operates independently and reports progress asynchronously; no daily standups required.,AML/KYC Operations Consultant,"Four years inside an AML operations team at a fast-growing payments fintech, now advising smaller platforms on building their first proper AML program without the benefit of a large compliance department behind them.",First AML Program Build,"Builds an AML program from a blank page for a first-time licensee, covering policy, a workable risk-rating methodology, and an escalation workflow that ties the whole thing together.",Cleared a backlog of over two hundred unresolved customer risk assessments for a digital bank within six weeks of starting.,approved,2026-08-01 09:00:00,
9,Clara Teo,"Qualified actuary (FIA), led IFRS17 transition at a regional insurer",Available for up to 3 days/week for the right engagement,220,,IFRS17 Transition Lead for Life & General Insurers,"Qualified actuary who ran the full IFRS17 transition programme at a regional insurer across two complete reporting cycles, from initial contract boundary design through to a clean first set of live disclosures.",IFRS17 Build-to-Run Transition,"Owns the full build-to-run transition workstream, covering contract boundary rules, CSM roll-forward logic, and disclosure templates the external auditors will actually test.","Delivered two consecutive IFRS17 reporting cycles for a mid-size life insurer with no material restatements, after the prior in-house build had failed its first dry run.",approved,2026-08-01 09:00:00,
10,Vikram Menon,"Former Big 4 actuarial consultant, insurance accounting standard transitions",Available on 2 weeks' notice from confirmed start date,195,"Prefers to embed with the internal team, with weekly steering updates and a shared tracker.","Independent Actuarial Advisor, Insurance Contract Accounting","Ten years as a Big 4 actuarial consultant specialising specifically in insurance accounting standard transitions, now working directly with insurers rather than billing through a consulting firm.",IFRS17 Disclosure Dry-Run Review,"Reviews an existing IFRS17 build against the standard's disclosure requirements before the external auditors do, and fixes whatever a structured dry run flags.",Fixed a CSM amortisation model at a regional insurer that had failed its first disclosure dry run just weeks before the planned go-live.,approved,2026-08-01 09:00:00,
11,Michelle Wong,"Former finance-actuarial liaison, life insurer","Available immediately, full-time capacity for the next quarter",165,Prefers a fixed-scope engagement with a clearly defined deliverable and milestone check-ins.,Actuarial-Finance Bridge Specialist,"Spent five years in a life insurer's finance-actuarial liaison role, focused specifically on the point where actuarial contract-grouping models and finance's disclosure output stopped agreeing with each other.",Actuarial-Finance Reconciliation,"Bridges the gap between the actuarial team's contract grouping models and what finance needs to produce for quarterly disclosures, resolving the specific line items that keep breaking.",Closed a year-long reconciliation gap between actuarial contract groupings and finance's disclosure output for a general insurer that had been reconciling manually every quarter.,approved,2026-08-01 09:00:00,
12,Samuel Chen,"Insurance accounting analyst, four years in IFRS17 implementation support","Available Mondays to Fridays, standard business hours",135,"Runs a short discovery workshop first, then executes with a small dedicated working group.",IFRS17 Implementation Support Analyst,"Four years supporting IFRS17 implementation projects from the finance side, handling the detailed disclosure-note preparation work that senior actuaries typically don't have time for.",Disclosure Note Preparation Support,"Prepares and quality-checks the detailed IFRS17 disclosure notes against the underlying actuarial output, catching formatting and consistency issues before they reach the auditors.",Cleared a backlog of disclosure note inconsistencies for an insurer's first live IFRS17 reporting cycle in the two weeks before the filing deadline.,approved,2026-08-01 09:00:00,
13,Nur Aina Zahra,"Former Head of Claims Operations, general insurer","Available Mondays to Sundays, flexible around client timezone",175,Operates independently and reports progress asynchronously; no daily standups required.,Claims Operations Turnaround Lead,"Twelve years running claims operations at a general insurer, rising to Head of Claims Operations, before moving into independent turnaround work for insurers whose settlement times have gotten away from them.",Claims Backlog Turnaround,"Takes over a claims backlog directly, restructuring escalation rules between adjusters and underwriting so cases stop stalling at the handoff points that are actually causing delay.",Cleared a six-month claims backlog for a motor insurer within two months by restructuring how cases were escalated between teams.,approved,2026-08-01 09:00:00,
14,Timothy Ong,"Lean Six Sigma black belt, insurance claims workflows",Available weekday evenings and weekends only,140,,Claims Workflow Redesign Specialist,"Lean Six Sigma black belt who has led claims transformation programmes at three insurers across Southeast Asia over the past eight years, always starting from where cases actually get stuck rather than a generic process map.",Claims Journey Mapping & Redesign,"Maps the end-to-end claims journey, pinpoints exactly where cases stall, and redesigns the specific handoffs causing delay rather than proposing a broad process overhaul.","Cut average claims settlement time by over a third at a regional general insurer purely through workflow redesign, with no additional hiring.",approved,2026-08-01 09:00:00,
15,Grace Kwek,"Claims transformation consultant, eight years across Southeast Asia",Available for up to 3 days/week for the right engagement,155,"Prefers to embed with the internal team, with weekly steering updates and a shared tracker.",Insurance Claims Transformation Advisor,"Eight years advising general and motor insurers on claims transformation, with a track record of finding the one or two process bottlenecks that account for most of a backlog rather than trying to fix everything at once.",Claims Backlog Diagnostic,"Runs a rapid four-week diagnostic on an existing claims backlog and delivers a prioritised, resourced fix plan rather than a generic process audit nobody acts on.",Reduced repeat customer complaints about claims delays by roughly half at a mid-size insurer within one settlement cycle.,approved,2026-08-01 09:00:00,
16,Arjun Pillai,"Claims operations analyst, motor insurance",Available on 2 weeks' notice from confirmed start date,95,Prefers a fixed-scope engagement with a clearly defined deliverable and milestone check-ins.,Motor Claims Process Consultant,"Four years inside a motor insurer's claims team focused specifically on the workflow bottlenecks that cause settlement delays, now consulting on the exact same problem for other motor and general insurers.",Escalation & Triage Rule Redesign,Rebuilds escalation and triage rules so straightforward claims move fast and only genuinely complex cases consume senior adjuster time.,"Redesigned the triage rules for a motor insurer's claims intake, cutting the average time to first adjuster contact by several days.",approved,2026-08-01 09:00:00,
17,Sophia Tay,"Ex-COO, boutique asset management firm","Available immediately, full-time capacity for the next quarter",190,"Runs a short discovery workshop first, then executes with a small dedicated working group.",Fund Formation & Compliance Architect,"Served as COO at a boutique asset manager for over a decade, personally overseeing three separate fund launches from initial structuring through to first close.",Full Fund Launch Coordination,"Coordinates the complete fund launch checklist, from CMS licensing through fund administrator and custodian onboarding, to a compliance manual that actually matches how the fund will operate day to day.",Took a Variable Capital Company structure from initial paperwork to a live fund launch in under four months for a first-time manager.,approved,2026-08-01 09:00:00,
18,Ryan Foo,Former MAS Capital Markets Services licence reviewer,"Available Mondays to Fridays, standard business hours",170,Operates independently and reports progress asynchronously; no daily standups required.,"Ex-MAS Reviewer, Capital Markets Services Licensing Specialist",Spent six years reviewing Capital Markets Services licence applications at MAS before moving into advisory work helping fund managers get through that same process considerably faster.,CMS Licence Application Support,"Prepares and reviews a fund manager's CMS licence application against exactly the criteria MAS reviewers actually check, well before submission.","Guided a first-time fund manager's CMS licence application through to approval on the first submission, after a previous informal review had flagged multiple gaps.",approved,2026-08-01 09:00:00,
19,Deepa Krishnan,"Fund formation and regulatory compliance specialist, fourteen years","Available Mondays to Sundays, flexible around client timezone",150,,Fund Operations & Compliance Advisor,"Fourteen years in fund operations at a mid-size asset manager, focused specifically on the compliance setup work that first-time managers consistently underestimate.",Fund Compliance Gap Review,Reviews an existing fund structure against current MAS requirements and flags exactly what needs remediation before the next regulatory audit.,Remediated a fund's compliance manual and reporting cadence ahead of a MAS inspection that had already flagged the prior version as inadequate.,approved,2026-08-01 09:00:00,
20,Kevin Yeo,"Fund operations analyst, four years at a mid-size asset manager",Available weekday evenings and weekends only,110,"Prefers to embed with the internal team, with weekly steering updates and a shared tracker.",Fund Launch Operations Consultant,"Four years handling fund operations at a mid-size asset manager, now specialising in the administrator and custodian onboarding work that tends to slip closest to a fund's launch date.",Administrator & Custodian Onboarding,"Manages the administrator and custodian onboarding process end to end, keeping the launch timeline on track when this workstream is at risk of slipping.",Completed administrator and custodian onboarding for a boutique fund launch two weeks ahead of the original target date.,approved,2026-08-01 09:00:00,
21,Natasha Sim,"Former ESG Lead, regional asset manager",Available for up to 3 days/week for the right engagement,180,Prefers a fixed-scope engagement with a clearly defined deliverable and milestone check-ins.,ESG Integration & Sustainable Investing Advisor,"Led ESG strategy at a regional asset manager for six years before moving into independent advisory, focused on making sustainability part of the actual investment process rather than a separate compliance exercise.",Portfolio-Level ESG Scoring Design,"Designs a portfolio-level ESG scoring methodology and integrates it directly into the existing investment committee process, rather than running it as a parallel exercise nobody references.",Built the first ESG integration framework for a multi-billion-dollar AUM asset manager ahead of a major institutional investor's due diligence process.,approved,2026-08-01 09:00:00,
22,Andre Lopez,"CFA charterholder, sustainable investing frameworks",Available on 2 weeks' notice from confirmed start date,155,"Runs a short discovery workshop first, then executes with a small dedicated working group.","CFA Charterholder, Responsible Investment Design",CFA charterholder with a decade of experience building sustainable investing frameworks specifically for asset managers preparing for institutional investor due diligence.,Sustainable Finance Disclosure Alignment,"Reviews current sustainability claims and disclosures against what institutional investors and regulators now expect, flagging gaps before due diligence does.",Advised a wealth manager on realigning its fund range with tightening sustainable finance disclosure rules ahead of a regulatory deadline.,approved,2026-08-01 09:00:00,
23,Melissa Toh,"Product specialist, sustainability screen design","Available immediately, full-time capacity for the next quarter",140,Operates independently and reports progress asynchronously; no daily standups required.,Practical ESG Screening Specialist,"Three years inside a wealth manager's product team, specialising in translating high-level sustainability commitments into portfolio-level screens portfolio managers will actually use day to day.",Portfolio Sustainability Screen Build,"Builds practical sustainability screens and scoring criteria that plug directly into an existing portfolio management workflow, not a standalone spreadsheet nobody opens.","Designed a portfolio scoring methodology now used across an asset manager's full fund range, replacing an ad hoc, spreadsheet-based approach.",approved,2026-08-01 09:00:00,
24,Nicholas Goh,"ESG research analyst, three years","Available Mondays to Fridays, standard business hours",100,,ESG Research & Disclosure Analyst,"Three years as an ESG research analyst supporting fund managers' sustainability disclosures, with hands-on experience gathering and structuring the underlying data those disclosures depend on.",ESG Data & Disclosure Support,"Gathers and structures the underlying ESG data a fund needs for its disclosures, and checks it against current reporting templates before submission.",Compiled the underlying ESG dataset for a mid-size fund manager's first standalone sustainability disclosure.,approved,2026-08-01 09:00:00,
25,Farhana Aziz,"Ex-Head of Fraud Analytics, digital payments company","Available Mondays to Sundays, flexible around client timezone",200,"Prefers to embed with the internal team, with weekly steering updates and a shared tracker.",Fraud Analytics & Transaction Risk Lead,"Led fraud analytics at a digital payments company for six years, personally building the detection models that catch fraud without blocking a growing base of genuine customers.",Fraud Model Build & Calibration,"Builds and tunes a transaction-level fraud scoring model using historical chargeback and dispute data, calibrated specifically to the platform's actual risk appetite.",Reduced false-positive fraud declines by roughly 40% for a digital wallet while catching more genuine fraud cases in the same period.,approved,2026-08-01 09:00:00,
26,Ivan Neo,"Data scientist, transaction fraud detection, eight years",Available weekday evenings and weekends only,165,Prefers a fixed-scope engagement with a clearly defined deliverable and milestone check-ins.,"Independent Data Scientist, Payments Fraud Detection",Eight years as a data scientist specialising in transaction-level fraud detection across two payments platforms before going independent to work directly with smaller fintechs.,Real-Time Fraud Scoring Pipeline,"Builds a real-time transaction scoring pipeline from the platform's own historical data, designed to run inline with checkout rather than as an after-the-fact review.",Built a real-time transaction scoring pipeline for a payments fintech processing several million transactions a month.,approved,2026-08-01 09:00:00,
27,Cheryl Poh,"Former fraud risk lead, Southeast Asian e-wallet operator",Available for up to 3 days/week for the right engagement,145,"Runs a short discovery workshop first, then executes with a small dedicated working group.",Fraud Risk Root-Cause Specialist,"Former fraud risk lead at a regional e-wallet operator, now focused specifically on root-causing rising fraud losses for smaller platforms before recommending any rule changes.",Fraud Loss Root-Cause Analysis,Runs a root-cause analysis on rising fraud losses and recommends specific rule and model changes rather than a generic fraud risk framework.,Cut chargeback losses by a third at an e-wallet operator within one quarter of redesigning the detection rules.,approved,2026-08-01 09:00:00,
28,Gabriel Lee,"Fraud operations analyst, three years",Available on 2 weeks' notice from confirmed start date,100,Operates independently and reports progress asynchronously; no daily standups required.,Fraud Rules & False-Positive Analyst,"Three years in fraud operations at a payments startup, focused specifically on the false-positive problem that comes from overly cautious rule sets built early in a company's life.",False-Positive Reduction Review,"Reviews an existing fraud rule set specifically for false-positive drivers, tightening only what's causing genuine customers to be blocked.",Reduced genuine-customer declines by a meaningful margin for a payments startup without loosening the rules that were actually catching fraud.,approved,2026-08-01 09:00:00,
29,Omar Farouk,"Former Head of Onboarding Operations, payments fintech","Available immediately, full-time capacity for the next quarter",175,,Onboarding Operations & KYB Workflow Lead,"Ran onboarding operations at a payments fintech for five years, scaling the team through a period of rapid signup growth without a compliance blow-up along the way.",Verification Workflow Redesign,"Redesigns the business verification workflow to cut manual review time while keeping the underlying risk controls fully intact, not just faster and looser.","Cut average business onboarding time from five days to under 24 hours for a payments licensee, without loosening verification standards.",approved,2026-08-01 09:00:00,
30,Bee Choo Lim,"KYC/KYB operations lead, eight years across two fintech licensees","Available Mondays to Fridays, standard business hours",140,"Prefers to embed with the internal team, with weekly steering updates and a shared tracker.",KYC/KYB Operations Specialist,"Eight years leading KYC/KYB operations teams across two fintech licensees, with direct hands-on responsibility for two separate verification workflow redesigns.",Tiered Onboarding Design,"Sets up a tiered onboarding process so low-risk customers move through quickly and higher-risk applicants receive proportionately more scrutiny, rather than treating every applicant identically.","Rebuilt the KYB verification workflow for a fintech scaling from 10,000 to 100,000 monthly signups over a single year.",approved,2026-08-01 09:00:00,
31,Alexander Png,"Verification operations specialist, fast-growing fintech background","Available Mondays to Sundays, flexible around client timezone",130,Prefers a fixed-scope engagement with a clearly defined deliverable and milestone check-ins.,Verification Automation Advisor,"Three years in business verification operations at a fast-growing fintech, now advising smaller platforms specifically on which manual review steps can be automated without weakening the checks behind them.",Manual Review Automation Audit,"Audits the current verification stack end to end and identifies exactly which manual steps can be automated, prioritised by both effort and risk impact.","Reduced manual review backlog by over half at a fintech licensee within six weeks, freeing the compliance team for genuinely higher-risk cases.",approved,2026-08-01 09:00:00,
32,Nadia Hassan,"Onboarding operations analyst, two years",Available weekday evenings and weekends only,90,"Runs a short discovery workshop first, then executes with a small dedicated working group.",Onboarding Queue Operations Analyst,"Two years running the day-to-day onboarding review queue at a mid-size fintech, with close visibility into exactly which document types and applicant profiles cause the most delay.",Onboarding Queue Diagnostic,"Analyses the current onboarding queue to identify which specific document types or applicant profiles are causing most of the delay, then recommends targeted process fixes.","Identified a single document-verification step causing over a third of onboarding delays at a mid-size fintech, leading to a quick process fix.",approved,2026-08-01 09:00:00,
33,Josephine Wee,"Ex-Principal, mid-market private equity fund",Available for up to 3 days/week for the right engagement,260,Operates independently and reports progress asynchronously; no daily standups required.,Commercial Due Diligence Advisor for Growth-Stage Deals,"Spent seven years as a principal at a mid-market private equity fund, personally running or overseeing commercial diligence on deals ranging from ten to two hundred million dollars.",Full Commercial Diligence Workstream,"Runs a full commercial diligence workstream covering market sizing, competitive positioning, and independent customer reference calls before the investment committee meets.",Led commercial due diligence on a fifty-million-dollar growth-equity deal in logistics that ultimately closed on revised terms after the review.,approved,2026-08-01 09:00:00,
34,Edwin Sim,"Former strategy consultant, commercial due diligence specialist",Available on 2 weeks' notice from confirmed start date,210,,Independent Deal Diligence Specialist,"Former strategy consultant who has specialised in commercial due diligence for the past nine years, now working directly with investment teams rather than billing through a consulting firm.",Growth Assumption Stress-Test,"Stress-tests a target's growth assumptions against independent market data, flagging anywhere management's numbers diverge meaningfully from what the market actually supports.",Flagged churn risk during diligence on a VC-stage fintech term sheet that materially changed the final valuation before signing.,approved,2026-08-01 09:00:00,
35,Wendy Chan,"Growth-equity investment analyst, four years","Available immediately, full-time capacity for the next quarter",195,"Prefers to embed with the internal team, with weekly steering updates and a shared tracker.",Customer Concentration & Churn Diligence Specialist,"Four years on the investing side of a growth-equity fund, now focused specifically on independently pressure-testing customer concentration and retention claims before term sheets are signed.",Customer Reference Call Programme,"Runs a structured programme of independent customer reference calls across a target's top accounts, surfacing concentration or satisfaction risk management's own materials tend not to disclose.",Ran customer reference calls across a target's top accounts that surfaced concentration risk management's own materials hadn't disclosed.,approved,2026-08-01 09:00:00,
36,Lucas Tio,"Market research analyst, deal diligence support","Available Mondays to Fridays, standard business hours",140,Prefers a fixed-scope engagement with a clearly defined deliverable and milestone check-ins.,Market Sizing & Competitive Analysis Consultant,"Three years supporting deal teams with market sizing and competitive analysis, specialising in getting a defensible market-size estimate together quickly under real deal timelines.",Rapid Market Sizing Support,"Builds a defensible, independently-sourced market size and competitive landscape view within a compressed diligence timeline, ready for the investment memo.",Delivered a market sizing analysis for a growth-equity deal within a five-day turnaround ahead of an investment committee deadline.,approved,2026-08-01 09:00:00,
37,Hakim Osman,"Former Operating Partner, mid-market private equity fund","Available Mondays to Sundays, flexible around client timezone",240,"Runs a short discovery workshop first, then executes with a small dedicated working group.",Post-Acquisition Operating Plan Advisor,"Served as an Operating Partner at a mid-market private equity fund, personally building first-100-day plans across more than ten portfolio company acquisitions.",Prioritised 100-Day Plan Build,"Builds a prioritised 100-day plan covering quick wins, key hires, and the systems that need to change first, tied directly back to the original deal thesis.","Built and executed the 100-day plan for a healthcare services acquisition, hitting every planned milestone in the deal's first quarter.",approved,2026-08-01 09:00:00,
38,Valerie Ang,"Former COO, post-merger integration specialist",Available weekday evenings and weekends only,195,Operates independently and reports progress asynchronously; no daily standups required.,Independent Operating Partner for Portfolio Companies,"Former COO who now specialises full-time in post-merger integration, having personally run the integration workstream on three add-on deals for a single PE-backed platform.",Integration Workstream Management,"Runs the integration workstream between the acquired company's existing team and the new owner's reporting requirements, so nothing falls through in the handover.",Ran post-acquisition integration for three consecutive add-on deals at a mid-market PE-backed platform company over two years.,approved,2026-08-01 09:00:00,
39,Bryan Lau,"Portfolio operations lead, two ownership transitions",Available for up to 3 days/week for the right engagement,175,,Post-Acquisition Recovery Specialist,"Five years inside a portfolio company's operations team through two separate ownership transitions, now advising new owners specifically on the first-quarter execution problem.",Stalled Integration Recovery,Steps in when an integration has already stalled and rebuilds a realistic recovery plan with clear ownership assigned to each workstream.,Rescued a stalled acquisition integration and got the first-90-day plan back on track within three weeks of stepping in.,approved,2026-08-01 09:00:00,
40,Siti Nurhaliza,"Portfolio company operations analyst, three years",Available on 2 weeks' notice from confirmed start date,125,"Prefers to embed with the internal team, with weekly steering updates and a shared tracker.",Portfolio Operations Support Consultant,"Three years supporting portfolio company operations through acquisition transitions, focused specifically on the reporting-line and systems handover work that senior operating partners often delegate.",Reporting & Systems Handover Support,"Manages the detailed reporting-line and systems handover work during an integration, keeping this workstream from becoming the bottleneck it often is.",Completed the systems handover for a portfolio company add-on acquisition two weeks ahead of the integration deadline.,approved,2026-08-01 09:00:00,
41,Marcus Yeo,"Former family office director, generational transition specialist","Available immediately, full-time capacity for the next quarter",280,Prefers a fixed-scope engagement with a clearly defined deliverable and milestone check-ins.,Family Governance & Succession Planning Advisor,"Directed a single-family office for over fifteen years, personally guiding two separate generational transitions before moving into independent succession advisory work.",Cross-Generation Succession Facilitation,"Facilitates the succession planning process across generations directly, including the difficult ownership and control conversations families often can't have productively on their own.",Guided a three-generation family business through a full leadership transition without a single shareholder dispute.,approved,2026-08-01 09:00:00,
42,Delia Chong,"Trust and estate planning advisor, eighteen years in family offices","Available Mondays to Fridays, standard business hours",220,"Runs a short discovery workshop first, then executes with a small dedicated working group.","Independent Consultant, Multi-Generational Business Transition","Trust and estate planning advisor with eighteen years inside family offices, specialising in the governance conversations families tend to avoid until circumstances force the issue.",Family Constitution & Governance Design,"Designs a family constitution and governance structure that reflects how the specific family actually wants to operate, not a generic template pulled off the shelf.",Designed the governance framework for a family office managing several hundred million dollars in assets mid-transition.,approved,2026-08-01 09:00:00,
43,Rohan Das,"Former private banker, independent succession planning consultant","Available Mondays to Sundays, flexible around client timezone",195,Operates independently and reports progress asynchronously; no daily standups required.,Phased Leadership Handover Specialist,Former private banker who now focuses full-time on structuring succession plans for family businesses before a crisis makes the decision for them.,Phased Handover Structuring,"Structures a phased leadership handover plan with clear milestones, so the transition has a defined timeline rather than an open-ended understanding everyone interprets differently.","Structured a phased handover for a founder stepping back after four decades, with the next generation fully operational within eighteen months.",approved,2026-08-01 09:00:00,
44,Xin Yi Tan,"Family office advisory associate, four years",Available weekday evenings and weekends only,145,,Family Governance Support Consultant,"Four years supporting senior succession advisors at a family office consultancy, with direct hands-on experience drafting governance documents and facilitating early-stage family meetings.",Governance Documentation Support,Drafts and refines family governance documentation and prepares structured discussion materials ahead of family meetings on succession topics.,Prepared the governance documentation and meeting materials that helped a family reach initial agreement on succession principles within two sessions.,approved,2026-08-01 09:00:00,
45,Farah Ismail,"Former investment director, single-family office",Available for up to 3 days/week for the right engagement,210,"Prefers to embed with the internal team, with weekly steering updates and a shared tracker.",External Manager Selection & Due Diligence Advisor,"Served as investment director at a single-family office for a decade, personally running manager selection across public and private market allocations.",Pre-Allocation Manager Due Diligence,"Runs operational and investment due diligence on shortlisted fund managers before any allocation decision is finalised, not after capital is already committed.",Ran manager due diligence for a single-family office allocating across five new fund commitments within a single year.,approved,2026-08-01 09:00:00,
46,Jonathan Ng,"Manager research specialist, twelve years",Available on 2 weeks' notice from confirmed start date,175,Prefers a fixed-scope engagement with a clearly defined deliverable and milestone check-ins.,Independent Manager Research Specialist for Family Offices,"Twelve years as a manager research specialist, having built the due diligence process several multi-family offices still use to vet external allocations today.",Ongoing Manager Monitoring Framework,"Sets up an ongoing manager monitoring framework so underperformance or style drift gets flagged early, rather than surfacing only at the annual review.",Built the manager monitoring dashboard a multi-family office now uses to track over twenty external mandates.,approved,2026-08-01 09:00:00,
47,Priscilla Lau,"Family office investment team analyst, three years","Available immediately, full-time capacity for the next quarter",155,"Runs a short discovery workshop first, then executes with a small dedicated working group.",Manager Vetting & Operational Diligence Specialist,"Three years inside a family office's investment team, now advising smaller offices on professionalising a manager-picking process that's currently mostly word of mouth.",Repeatable Manager Research Process,"Builds a repeatable manager research process the family office's own team can run independently after the first cycle, rather than staying dependent on outside help.",Identified operational red flags in a shortlisted manager during due diligence that led the family office to withdraw before allocating.,approved,2026-08-01 09:00:00,
48,Suresh Kumar,"Investment research associate, fund manager screening","Available Mondays to Fridays, standard business hours",115,Operates independently and reports progress asynchronously; no daily standups required.,Fund Manager Screening Analyst,"Two years screening candidate fund managers for a wealth advisory firm, with hands-on experience narrowing a broad manager universe down to a genuinely comparable shortlist.",Manager Shortlist Screening,Screens a broad universe of candidate fund managers down to a genuinely comparable shortlist against the family office's stated allocation criteria.,Narrowed an initial list of over thirty candidate managers to a comparable shortlist of six for a family office's new allocation.,approved,2026-08-01 09:00:00,
49,Michelle Wong,"Former Revenue Cycle Director, private hospital group","Available Mondays to Sundays, flexible around client timezone",170,,Revenue Cycle Management & Billing Operations Lead,Directed revenue cycle operations at a private hospital group for nine years before moving into independent advisory work for smaller clinic groups facing the same collection problems.,End-to-End Revenue Cycle Audit,"Audits the full revenue cycle from patient registration through claims submission, identifying exactly where revenue is leaking rather than proposing a generic overhaul.",Reduced the claims denial rate by over 20% for a private hospital group through targeted billing process redesign.,approved,2026-08-01 09:00:00,
50,Samuel Chen,"Healthcare finance specialist, claims and billing operations",Available weekday evenings and weekends only,140,"Prefers to embed with the internal team, with weekly steering updates and a shared tracker.","Independent Consultant, Clinic Group Claims Optimisation","Healthcare finance specialist with ten years focused specifically on claims and billing operations across multi-clinic groups, not hospital-scale systems.",Claims Submission Timing Review,"Reviews insurer submission timing and documentation quality, the two most common and fixable causes of avoidable claim denials in a clinic setting.",Cut days-in-receivables by roughly a third for a multi-clinic group by fixing insurance claim submission timing.,approved,2026-08-01 09:00:00,
51,Timothy Ong,"Billing operations manager, single large clinic background",Available for up to 3 days/week for the right engagement,125,Prefers a fixed-scope engagement with a clearly defined deliverable and milestone check-ins.,Claims Rejection Workflow Specialist,"Four years managing billing operations at a single large clinic, now consulting on the same revenue leakage problem for other clinics that have outgrown their original billing setup.",Claims Rejection Workflow Redesign,Redesigns the claims rejection workflow so denials get investigated and resubmitted quickly instead of piling up unresolved in a queue nobody owns.,Cleared a six-month claims rejection backlog for a clinic group within eight weeks of engagement.,approved,2026-08-01 09:00:00,
52,Grace Kwek,"Medical billing analyst, two years",Available on 2 weeks' notice from confirmed start date,90,"Runs a short discovery workshop first, then executes with a small dedicated working group.",Medical Billing Process Analyst,"Two years as a medical billing analyst at a mid-size clinic, with close day-to-day visibility into which specific claim types and insurers cause the most rework.",Denial Pattern Analysis,"Analyses recent claim denials to identify which specific insurers or claim types are driving most of the rework, then recommends targeted documentation fixes.",Identified a single documentation gap responsible for a large share of one insurer's claim denials at a mid-size clinic.,approved,2026-08-01 09:00:00,
53,Nur Aina Zahra,"Former digital health programme lead, healthcare group","Available immediately, full-time capacity for the next quarter",175,Operates independently and reports progress asynchronously; no daily standups required.,Telehealth Deployment & Virtual Care Advisor,"Led digital health programmes at a healthcare group for six years, personally taking telehealth from a pilot project to a properly running clinical service line.",End-to-End Virtual Consultation Workflow,"Designs the end-to-end virtual consultation workflow, covering booking through e-prescription and follow-up, built around how clinicians actually work rather than how the platform demos.",Launched a telehealth service line for a multi-clinic group that now handles roughly a third of routine consultations.,approved,2026-08-01 09:00:00,
54,Ryan Foo,"Telemedicine implementation specialist, seven years","Available Mondays to Fridays, standard business hours",145,,"Independent Consultant, Remote Consultation Rollouts","Telemedicine implementation specialist with seven years of experience across both corporate and clinic-based deployments, running vendor selection and clinical workflow work in parallel.",Vendor Selection & Workflow Integration,"Runs vendor selection and clinical workflow integration for a new telehealth service line simultaneously, rather than choosing a platform first and figuring out the workflow afterward.",Rolled out remote consultation capability across four clinic locations for a healthcare group within six weeks.,approved,2026-08-01 09:00:00,
55,Deepa Krishnan,"Former clinical operations manager, virtual care rollouts","Available Mondays to Sundays, flexible around client timezone",135,"Prefers to embed with the internal team, with weekly steering updates and a shared tracker.",Stalled Telehealth Pilot Recovery Specialist,"Former clinical operations manager who now focuses specifically on the workflow side of virtual care rollouts, stepping in when a pilot has stalled rather than just choosing the technology vendor.",Telehealth Pilot Diagnostic & Relaunch,"Reviews a stalled telehealth pilot to identify the specific operational blocker preventing it from going live, then relaunches it around a fix for that blocker.","Diagnosed and resolved the workflow gap that had stalled a telehealth pilot for over four months, taking it live within three weeks of engagement.",approved,2026-08-01 09:00:00,
56,Kevin Yeo,"Clinical workflow coordinator, telehealth support",Available weekday evenings and weekends only,95,Prefers a fixed-scope engagement with a clearly defined deliverable and milestone check-ins.,Telehealth Workflow Coordinator,"Two years coordinating clinical workflow changes during a telehealth rollout at a mid-size clinic group, with hands-on experience training clinicians to actually use a new virtual care platform.",Clinician Adoption & Training Support,"Runs clinician training and adoption support during a telehealth rollout, focused specifically on getting staff to actually use the platform rather than default back to phone calls.",Achieved a meaningful clinician adoption rate within the first month of a telehealth platform rollout through targeted hands-on training.,approved,2026-08-01 09:00:00,
57,Terence Yap,"Former Head of Pharmacovigilance, regional pharma affiliate",Available for up to 3 days/week for the right engagement,220,"Runs a short discovery workshop first, then executes with a small dedicated working group.",Pharmacovigilance Operations & Drug Safety Lead,"Led pharmacovigilance at a regional pharma affiliate for nine years, with direct hands-on experience preparing for and hosting two full regulatory inspections.",Adverse Event Timeline Audit,Audits adverse event case processing timelines against local regulatory deadlines and identifies exactly where cases are getting stuck in the workflow.,Fixed a persistent late-reporting issue in adverse event cases that had drawn regulator attention across two consecutive reporting cycles.,approved,2026-08-01 09:00:00,
58,Charlotte Ho,"Drug safety specialist, twelve years in adverse event reporting",Available on 2 weeks' notice from confirmed start date,180,Operates independently and reports progress asynchronously; no daily standups required.,"Independent Consultant, Adverse Event Reporting Systems",Drug safety specialist with twelve years of experience in adverse event reporting across multiple product launches throughout Southeast Asia.,First-Launch Safety Database Design,"Designs the safety database workflow and reporting process from scratch for a first-time product launch in a new market, ready before the launch date rather than scrambling afterward.","Built the pharmacovigilance operating model for a pharma affiliate's first product launch in Southeast Asia, live before the launch date.",approved,2026-08-01 09:00:00,
59,Zachary Koh,"Former regulatory affairs lead, safety operations advisory","Available immediately, full-time capacity for the next quarter",160,,Inspection Readiness Specialist,"Former regulatory affairs lead who now advises specifically on the safety operations side of pharma market entry, with a focus on getting an operation genuinely ready for inspection rather than just paper-compliant.",Pre-Inspection Safety Operations Review,Reviews an existing pharmacovigilance operation ahead of an announced inspection and fixes exactly what a mock audit would flag.,Prepared a pharma affiliate's safety operations for a regulatory inspection that closed with zero critical findings.,approved,2026-08-01 09:00:00,
60,Meera Pillai,"Pharmacovigilance case processing associate, three years","Available Mondays to Fridays, standard business hours",115,"Prefers to embed with the internal team, with weekly steering updates and a shared tracker.",Case Processing Efficiency Consultant,"Three years processing adverse event cases day to day at a pharma affiliate, with close visibility into exactly which steps in the workflow most often cause reporting deadlines to slip.",Case Processing Workflow Review,"Reviews the day-to-day adverse event case processing workflow and recommends specific, practical fixes to the steps most often causing delay.","Identified a specific triage step responsible for most late submissions at a pharma affiliate, leading to a quick process correction.",approved,2026-08-01 09:00:00,
61,Vikram Menon,"Former Clinical Operations Manager, contract research organisation","Available Mondays to Sundays, flexible around client timezone",210,Prefers a fixed-scope engagement with a clearly defined deliverable and milestone check-ins.,Clinical Trial Operations & Site Delivery Lead,"Managed clinical operations at a contract research organisation for eight years, running site operations directly across Phase II and III studies.",Enrolment Recovery Diagnostic,"Runs a diagnostic on lagging site enrolment and puts a concrete recovery plan in place directly with the CRO and sponsor, rather than just reporting the problem.",Recovered a Phase III trial's enrolment timeline after it had fallen four months behind schedule.,approved,2026-08-01 09:00:00,
62,Michelle Wong,"Clinical trial operations specialist, ten years",Available weekday evenings and weekends only,170,"Runs a short discovery workshop first, then executes with a small dedicated working group.","Independent Consultant, Multi-Site Study Recovery",Clinical trial operations specialist with ten years of experience managing site enrolment and data quality specifically across multi-country studies.,Multi-Country Site Coordination,"Coordinates site operations across multiple countries for a single study, keeping enrolment and data quality moving in parallel rather than letting one lag behind the other.","Managed site operations across six countries for a multi-centre study through to database lock, on schedule.",approved,2026-08-01 09:00:00,
63,Samuel Chen,"Former site coordinator, trial recovery specialist",Available for up to 3 days/week for the right engagement,155,Operates independently and reports progress asynchronously; no daily standups required.,Trial Data Quality & Monitoring Specialist,"Former site coordinator who now focuses specifically on trial data quality, stepping in when a sponsor audit has flagged issues that put an upcoming milestone at risk.",Data Quality & Monitoring Plan Review,"Reviews trial data quality processes and tightens the monitoring plan before the next regulatory milestone is due, focused on what an audit would actually catch.",Fixed a data quality issue flagged by a sponsor audit that had put a trial's next milestone at risk.,approved,2026-08-01 09:00:00,
64,Grace Kwek,"Clinical research associate, site support",Available on 2 weeks' notice from confirmed start date,105,,Site Enrolment Support Consultant,"Three years as a clinical research associate supporting site enrolment activities, with hands-on experience identifying which specific site-level bottlenecks slow recruitment.",Site-Level Enrolment Bottleneck Review,"Reviews enrolment activity at the individual site level to identify which specific bottlenecks are slowing recruitment, then recommends targeted site-level fixes.","Identified a site-specific screening delay responsible for a large share of one study's slow enrolment, leading to a quick process fix.",approved,2026-08-01 09:00:00,
65,Timothy Ong,"Former Quality Systems Manager, medical device manufacturer","Available immediately, full-time capacity for the next quarter",190,"Prefers to embed with the internal team, with weekly steering updates and a shared tracker.",Quality Management Systems & ISO13485 Lead,"Managed quality systems at a medical device manufacturer for nine years, taking the company through three successful ISO13485 recertification cycles.",ISO13485 Gap Assessment,Runs a gap assessment of an existing quality management system against ISO13485 and prioritises fixes by certification risk rather than ease of implementation.,Took a device manufacturer's quality system from a failed pre-audit to full ISO13485 certification within five months.,approved,2026-08-01 09:00:00,
66,Grace Kwek,"ISO13485 lead auditor, nine years","Available Mondays to Fridays, standard business hours",155,Prefers a fixed-scope engagement with a clearly defined deliverable and milestone check-ins.,"Independent Consultant, Device Quality Certification Readiness","ISO13485 lead auditor with nine years of experience specifically in medical device quality management systems, having audited both large manufacturers and first-time entrants.",First-Time QMS Build,Builds the document control and CAPA process from scratch for a first-time device manufacturer preparing for its first certification audit.,"Delivered a first-time manufacturer's quality management system from scratch, passing its first certification audit with zero major findings.",approved,2026-08-01 09:00:00,
67,Arjun Pillai,"Former regulatory affairs specialist, device quality management","Available Mondays to Sundays, flexible around client timezone",140,"Runs a short discovery workshop first, then executes with a small dedicated working group.",ISO13485 Lead Auditor for Medical Device Manufacturers,Former regulatory affairs specialist who now focuses specifically on quality management system rebuilds for device manufacturers that have accumulated repeated non-conformances.,CAPA Process Rebuild,"Rebuilds a CAPA process specifically after repeated non-conformances have shown up across prior audits, targeting the actual root cause rather than the symptom each time.",Rebuilt the CAPA process for a device company after repeated non-conformances had shown up in three consecutive audits.,approved,2026-08-01 09:00:00,
68,Natasha Sim,"Quality systems associate, document control specialist",Available weekday evenings and weekends only,100,Operates independently and reports progress asynchronously; no daily standups required.,Document Control & QMS Support Consultant,"Three years supporting quality management system documentation at a device manufacturer, with hands-on experience keeping document control audit-ready between formal review cycles.",Document Control Cleanup,"Cleans up an existing quality management system's document control, closing the gaps between what a procedure says and what records can actually prove happened.","Brought a device manufacturer's document control fully current ahead of a surveillance audit, closing a backlog of unreviewed procedure updates.",approved,2026-08-01 09:00:00,
69,Rachel Goh,"Former Post-Market Surveillance Lead, medical device company",Available for up to 3 days/week for the right engagement,190,,Post-Market Surveillance & Vigilance Reporting Lead,"Led post-market surveillance at a medical device company for seven years, across product launches into three new regulatory markets.",Full Surveillance Programme Build,"Builds the complaint intake, investigation, and vigilance reporting workflow a device company needs for ongoing compliance ahead of a new market launch.",Set up a full post-market surveillance programme for a device manufacturer entering three new markets simultaneously.,approved,2026-08-01 09:00:00,
70,Benjamin Lim,"Regulatory specialist, complaint handling and vigilance reporting",Available on 2 weeks' notice from confirmed start date,150,"Prefers to embed with the internal team, with weekly steering updates and a shared tracker.","Independent Consultant, Device Complaint Handling Processes",Regulatory specialist with eight years focused specifically on complaint handling and vigilance reporting for medical device manufacturers.,Complaint Backlog Clearance,"Reviews and clears an existing backlog of unresolved device complaints, investigating and documenting each to the standard a vigilance report would require.",Cleared a complaint-handling backlog that had left several vigilance reports overdue at a device company.,approved,2026-08-01 09:00:00,
71,Wen Yeong Chua,"Former quality engineer, post-market data review specialist","Available immediately, full-time capacity for the next quarter",160,Prefers a fixed-scope engagement with a clearly defined deliverable and milestone check-ins.,Post-Market Data Trend Review Specialist,Former quality engineer who now advises device companies specifically on the gap between customer complaints coming in and formal vigilance reporting going out.,Post-Market Data Trend Review,"Reviews existing post-market data for trends that should already have triggered a formal regulatory report, and flags any backlog of unreported findings.",Identified an unreported adverse trend in post-market data during a routine review that the company then proactively disclosed to the regulator.,approved,2026-08-01 09:00:00,
72,Farah Ismail,"Complaint handling associate, two years in device compliance","Available Mondays to Fridays, standard business hours",100,"Runs a short discovery workshop first, then executes with a small dedicated working group.",Complaint Tracking Systems Consultant,"Two years in a device company's complaint handling function, with hands-on experience setting up lightweight but genuinely auditable complaint tracking for teams that previously relied on spreadsheets.",Lightweight Complaint Tracking Setup,Sets up a lightweight but auditable complaint tracking system for companies that currently rely on spreadsheets and institutional memory to manage device complaints.,Set up a complaint tracking system for a smaller device company that replaced an ad hoc spreadsheet process within two weeks.,approved,2026-08-01 09:00:00,
73,Clara Teo,"Former Head of Curriculum, private education group","Available Mondays to Sundays, flexible around client timezone",140,Operates independently and reports progress asynchronously; no daily standups required.,Curriculum Design & Instructional Development Lead,"Led curriculum design at a private education group for eight years, personally building the content for multiple professional certification programmes from the ground up.",Full Programme Curriculum Design,"Designs the full learning pathway for a new certification programme from the ground up, covering module sequencing, assessment design, and content outlines together.",Built the core curriculum for a private education provider's new professional certification programme from an initial outline alone.,approved,2026-08-01 09:00:00,
74,Vikram Menon,"Instructional design specialist, eleven years",Available weekday evenings and weekends only,115,,"Independent Consultant, Professional Certification Content","Instructional design specialist with eleven years of experience across both K-12 and adult professional learning, with a particular focus on why learners drop off partway through a course.",Drop-Off Module Redesign,"Reviews an existing curriculum against its stated learning outcomes and rebuilds specifically the modules where learners are dropping off, rather than redesigning the whole course.","Redesigned a struggling course's module sequence, improving completion rates by more than 20% in the following cohort.",approved,2026-08-01 09:00:00,
75,Michelle Wong,Former education ministry curriculum reviewer,Available for up to 3 days/week for the right engagement,105,"Prefers to embed with the internal team, with weekly steering updates and a shared tracker.",Syllabus-to-Programme Development Specialist,"Former education ministry curriculum reviewer who now consults on turning rough syllabus outlines into properly sequenced, teachable programmes for private education providers.",Outline-to-Curriculum Build,"Turns a rough syllabus outline into structured, sequenced content that instructors can actually teach from, rather than leaving them to interpret a two-page description.",Turned a two-page syllabus outline into a fully sequenced ten-module programme within six weeks.,approved,2026-08-01 09:00:00,
76,Samuel Chen,"Instructional designer, corporate training background",Available on 2 weeks' notice from confirmed start date,75,Prefers a fixed-scope engagement with a clearly defined deliverable and milestone check-ins.,Assessment & Module Sequencing Consultant,"Three years designing assessments and module sequences for corporate training programmes, with a focus on making sure assessment design actually matches the stated learning outcomes.",Assessment Alignment Review,Reviews a programme's assessments against its stated learning outcomes and rebuilds any assessment that isn't actually testing what the module claims to teach.,Realigned the assessments for a corporate training programme after learners consistently passed despite not meeting the stated learning outcomes.,approved,2026-08-01 09:00:00,
77,Priya Nair,"Former EdTech Implementation Lead, online learning platform","Available immediately, full-time capacity for the next quarter",150,"Runs a short discovery workshop first, then executes with a small dedicated working group.",LMS Implementation & Learning Platform Rollout Lead,"Led LMS implementations at an online learning platform for seven years, personally deploying to both corporate and academic clients across a wide range of scale.",Full LMS Implementation,"Runs the full LMS implementation end to end, covering course migration, integrations, and instructor training, rather than handing off midway through the rollout.",Migrated an education provider's entire course catalogue to a new LMS with zero learner-facing downtime.,approved,2026-08-01 09:00:00,
78,Daniel Koh,"LMS deployment specialist, nine years","Available Mondays to Fridays, standard business hours",120,Operates independently and reports progress asynchronously; no daily standups required.,"Independent Consultant, EdTech Deployment Recovery","LMS deployment specialist with nine years of experience specifically in course migration and instructor onboarding, often stepping in when a first attempt has already stalled.",Stalled Rollout Recovery Plan,"Reviews a stalled LMS rollout and rebuilds a realistic go-live plan with clear ownership of what's still outstanding, rather than restarting the project from zero.","Rescued an LMS implementation that had been delayed for six months, taking it live within eight weeks of engagement.",approved,2026-08-01 09:00:00,
79,Aisha Rahman,"Former instructional technologist, platform migration specialist","Available Mondays to Sundays, flexible around client timezone",110,,Vendor Configuration & Migration Specialist,"Former instructional technologist who now manages vendor configuration and course migration in parallel with instructor training, so technical go-live and actual adoption happen together rather than months apart.",Parallel Migration & Training Delivery,"Manages vendor configuration and migration in parallel with instructor training, so adoption doesn't lag behind the technical go-live the way it often does.","Delivered instructor training alongside a platform migration, resulting in adoption above 90% within the first month.",approved,2026-08-01 09:00:00,
80,Jonathan Ng,"EdTech support specialist, two years",Available weekday evenings and weekends only,80,"Prefers to embed with the internal team, with weekly steering updates and a shared tracker.",LMS Integration Support Consultant,"Two years supporting LMS vendor integrations for a mid-size education provider, with hands-on experience troubleshooting the specific integration issues that stall a migration.",LMS Integration Troubleshooting,"Troubleshoots specific LMS vendor integration issues that are stalling an in-progress migration, focused narrowly on unblocking the technical bottleneck.","Resolved a grading-integration issue that had stalled a course migration for several weeks, unblocking the project within days.",approved,2026-08-01 09:00:00,
81,Ivan Neo,"Former Real Estate Asset Manager, commercial property fund",Available for up to 3 days/week for the right engagement,175,Prefers a fixed-scope engagement with a clearly defined deliverable and milestone check-ins.,Real Estate Asset Management & Value Optimisation Lead,"Managed assets at a commercial property fund for thirteen years, personally overseeing leasing and capex strategy across a multi-building portfolio.",Full Portfolio Asset-Level Review,"Runs a full asset-level review covering leasing strategy, capex prioritisation, and operating cost benchmarking for each building in an underperforming portfolio.",Improved net operating income by close to 20% across a commercial property portfolio through leasing and cost restructuring.,approved,2026-08-01 09:00:00,
82,Cheryl Poh,"Former fund manager, real estate value creation specialist",Available on 2 weeks' notice from confirmed start date,145,"Runs a short discovery workshop first, then executes with a small dedicated working group.","Independent Consultant, Portfolio Value Optimisation","Former fund manager specialising in real estate value creation, with nine years of direct portfolio management experience across office and retail assets.",Hold-Refurbish-Sell Recommendation,"Builds a clear hold, refurbish, or sell recommendation for each asset, backed by comparable market data rather than an internal gut-feel assessment.","Advised on a refurbishment-versus-sale decision for an aging office asset, ultimately doubling the projected return against the original plan.",approved,2026-08-01 09:00:00,
83,Gabriel Lee,"Property owner asset management team, four years","Available immediately, full-time capacity for the next quarter",130,Operates independently and reports progress asynchronously; no daily standups required.,Underperforming Asset Diagnostic Specialist,"Four years inside a property owner's asset management team, now consulting specifically on underperforming buildings where the cause of weak yields isn't immediately obvious.",Underpriced Lease Identification,"Identifies the specific value being left on the table in a mediocre-yielding building, most often through underpriced leases, and prioritises the fixes that actually move net operating income.","Identified underpriced leases across a portfolio that, once renegotiated, added a meaningful uplift to annual rental income.",approved,2026-08-01 09:00:00,
84,Serena Wu,"Real estate analyst, portfolio performance benchmarking","Available Mondays to Fridays, standard business hours",90,,Portfolio Performance Benchmarking Analyst,"Two years benchmarking commercial property performance against comparable buildings, with hands-on experience isolating which specific metrics are actually driving a portfolio's underperformance.",Comparable Performance Benchmarking,Benchmarks a portfolio's operating performance against genuinely comparable buildings to isolate which specific metrics are actually driving underperformance.,"Identified that operating costs, not rental rates, were the primary driver of underperformance for a client's office asset through detailed benchmarking.",approved,2026-08-01 09:00:00,
85,Nicholas Goh,"Former Lease Administration Manager, property management firm","Available Mondays to Sundays, flexible around client timezone",125,"Prefers to embed with the internal team, with weekly steering updates and a shared tracker.",Lease Administration & Tenant Billing Lead,"Managed lease administration at a property management firm for eight years, personally overseeing lease compliance across a multi-building portfolio.",Full Lease Register Audit,"Audits the current lease register against actual signed agreements line by line and fixes every discrepancy found, not just the obvious ones.",Cleaned up a lease register for a commercial portfolio that had accumulated over 40 unrecorded amendments over the years.,approved,2026-08-01 09:00:00,
86,Farhana Aziz,"Commercial lease operations specialist, eight years",Available weekday evenings and weekends only,95,Prefers a fixed-scope engagement with a clearly defined deliverable and milestone check-ins.,"Independent Consultant, Commercial Lease Compliance",Commercial lease operations specialist with eight years of experience in tenant billing and renewal tracking across office and retail portfolios.,Renewal Alert System Setup,Sets up a proper lease tracking and renewal alert system so deadlines stop depending on someone remembering to check a spreadsheet.,Set up a renewal alert system that has since caught every upcoming lease deadline for a property manager who had previously missed several.,approved,2026-08-01 09:00:00,
87,Andre Lopez,"Former property manager, lease compliance and tenant billing",Available for up to 3 days/week for the right engagement,85,"Runs a short discovery workshop first, then executes with a small dedicated working group.",Tenant Billing Dispute Resolution Specialist,"Former property manager who now focuses specifically on cleaning up lease registers that have drifted from the actual signed agreements, usually surfaced through tenant billing disputes.",Billing Dispute Root-Cause Fix,Investigates recurring tenant billing disputes back to their source in the lease terms and corrects the underlying records rather than resolving each dispute individually.,"Fixed recurring tenant billing errors for a property management firm managing fifteen buildings, eliminating a recurring source of disputes.",approved,2026-08-01 09:00:00,
88,Melissa Toh,"Lease administration coordinator, two years",Available on 2 weeks' notice from confirmed start date,60,Operates independently and reports progress asynchronously; no daily standups required.,Lease Data Entry & Reconciliation Consultant,"Two years coordinating day-to-day lease administration tasks for a property manager, with hands-on experience reconciling lease register entries against physical signed agreements.",Lease Data Reconciliation Support,"Reconciles lease register entries against physical signed agreements one by one, correcting discrepancies as they're found rather than waiting for a full audit.","Reconciled the lease register for a smaller property portfolio, correcting a number of outdated entries within a two-week engagement.",approved,2026-08-01 09:00:00,
89,Suresh Kumar,"Former Project Controls Manager, regional construction firm","Available immediately, full-time capacity for the next quarter",200,,"Project Controls Lead, Cost & Schedule Management","Managed project controls at a regional construction firm for twelve years, across infrastructure builds ranging from tens to hundreds of millions of dollars.",Full Project Controls Framework Build,"Builds the cost and schedule control framework from scratch for a major project, covering baselines, variance tracking, and a reporting cadence leadership will actually use.",Set up project controls for an infrastructure build worth roughly eighty million dollars that had no formal cost tracking in its first year.,approved,2026-08-01 09:00:00,
90,Bee Choo Lim,"Cost and schedule control specialist, ten years","Available Mondays to Fridays, standard business hours",155,"Prefers to embed with the internal team, with weekly steering updates and a shared tracker.","Independent Consultant, Construction Schedule Recovery","Cost and schedule control specialist with a decade of experience specifically on infrastructure programmes, most often brought in once a project is already tracking behind.",Schedule Recovery & Re-Baselining,"Runs a recovery review on a delayed project and produces a realistic re-baselined schedule, not an optimistic one nobody on the team actually believes.","Recovered a construction schedule that had slipped six months, bringing the project back to within 8% of the original budget.",approved,2026-08-01 09:00:00,
91,Alexander Png,"Former site engineer, project controls specialist","Available Mondays to Sundays, flexible around client timezone",145,Prefers a fixed-scope engagement with a clearly defined deliverable and milestone check-ins.,Early-Warning Cost Tracking Specialist,Former site engineer who now focuses on setting up early-warning cost and schedule tracking so problems surface in the second week of a phase rather than at the six-month mark.,Early-Warning Tracking System,"Sets up early-warning cost and schedule tracking tailored to how a specific project actually reports progress, catching slippage while it's still cheap to fix.","Delivered an early-warning cost tracking system now used across a contractor's full project portfolio, not just the one it was originally built for.",approved,2026-08-01 09:00:00,
92,Nadia Hassan,"Project controls analyst, construction background",Available weekday evenings and weekends only,100,"Runs a short discovery workshop first, then executes with a small dedicated working group.",Cost & Schedule Reporting Analyst,"Two years supporting project controls reporting on a mid-size construction programme, with hands-on experience building the variance reports project managers actually rely on.",Variance Reporting Setup,Builds a straightforward cost and schedule variance reporting process that project managers can maintain themselves once the initial setup is complete.,Set up variance reporting for a mid-size construction programme that project managers continued running independently after the engagement ended.,approved,2026-08-01 09:00:00,
93,Joel Ang,"Former Site Safety Manager, construction contractor",Available for up to 3 days/week for the right engagement,170,Operates independently and reports progress asynchronously; no daily standups required.,Construction Site Safety & QA/QC Lead,"Managed site safety at a construction contractor for ten years, personally rebuilding the safety programme after a regulator review following a near-miss incident.",Safety Programme Rebuild,"Audits current site safety practices against regulatory requirements and rebuilds specifically the weak points a real inspection would flag, not a generic safety refresh.",Rebuilt a contractor's site safety programme after a near-miss incident triggered a formal regulator review.,approved,2026-08-01 09:00:00,
94,Wei Jie Tan,"QA/QC specialist, ten years across commercial construction sites",Available on 2 weeks' notice from confirmed start date,130,,"Independent Consultant, Site Compliance Programmes","QA/QC specialist with ten years of experience across commercial construction sites, specialising in identifying the recurring root cause behind repeated failed quality inspections.",Failed-Inspection Root-Cause Fix,"Reviews a site's history of failed client quality inspections and identifies the recurring root cause behind them, rather than treating each failure as an isolated incident.",Set up QA/QC checkpoints for a mid-size contractor that had been failing client quality inspections repeatedly.,approved,2026-08-01 09:00:00,
95,Amanda Choo,"Certified safety auditor, construction site compliance","Available immediately, full-time capacity for the next quarter",120,"Prefers to embed with the internal team, with weekly steering updates and a shared tracker.",Certified Site Safety Auditor,"Certified safety auditor who now focuses specifically on building quality and safety documentation processes that site teams will actually follow, rather than file away unread.",Usable Safety Documentation Design,"Sets up quality inspection checkpoints and documentation designed around how site teams actually work, so compliance paperwork gets used rather than backfilled after the fact.",Reduced site safety incidents by a meaningful margin within one project cycle after rebuilding the safety programme.,approved,2026-08-01 09:00:00,
96,Hafiz Rahim,"Site safety officer, commercial construction","Available Mondays to Fridays, standard business hours",85,Prefers a fixed-scope engagement with a clearly defined deliverable and milestone check-ins.,Site Safety Compliance Consultant,"Three years as a site safety officer on commercial construction projects, with day-to-day experience identifying which specific safety practices tend to get skipped under time pressure.",Time-Pressure Safety Compliance Review,Reviews which specific safety practices are being skipped under time pressure on an active site and recommends practical fixes that don't slow the project further.,"Identified a recurring shortcut on one active site that, once corrected, removed the site's most common source of safety near-misses.",approved,2026-08-01 09:00:00,
97,Priscilla Lau,"Former Asset Integrity Engineer, offshore operator","Available Mondays to Sundays, flexible around client timezone",230,"Runs a short discovery workshop first, then executes with a small dedicated working group.",Asset Integrity & Inspection Strategy Lead,"Worked as an asset integrity engineer at an offshore operator for fourteen years, specialising in inspection programmes for ageing infrastructure nearing the end of its design life.",Integrity Programme Risk Audit,"Audits the current integrity management programme against industry standards and prioritises fixes by which gaps carry the highest failure risk, not the easiest to address.",Rebuilt the integrity management programme for an offshore platform after a regulator audit flagged corrosion risk.,approved,2026-08-01 09:00:00,
98,Kevin Yeo,"Integrity management specialist, upstream oil & gas assets",Available weekday evenings and weekends only,185,Operates independently and reports progress asynchronously; no daily standups required.,"Independent Consultant, Ageing Asset Risk Management","Integrity management specialist with a decade of experience across upstream oil and gas assets, focused specifically on risk-based inspection strategy design.",Risk-Based Inspection Strategy Design,"Designs a risk-based inspection strategy specifically for ageing assets nearing or past the end of their original design life, rather than applying a generic inspection interval.",Designed a risk-based inspection plan for a processing facility operating well past its original design life.,approved,2026-08-01 09:00:00,
99,Joel Ang,"Former inspection lead, degradation trend analysis",Available for up to 3 days/week for the right engagement,165,,Degradation Trend Review Specialist,Former inspection lead who now focuses specifically on spotting patterns in inspection findings that indicate accelerating degradation before it becomes an unplanned outage.,Inspection Trend Pattern Review,"Reviews recent inspection findings for patterns that indicate accelerating degradation, flagging what a routine pass-fail inspection report alone would miss.",Identified an accelerating corrosion pattern during a routine review that led to an unplanned shutdown being avoided altogether.,approved,2026-08-01 09:00:00,
100,Bryan Lau,"Integrity engineering associate, three years",Available on 2 weeks' notice from confirmed start date,115,"Prefers to embed with the internal team, with weekly steering updates and a shared tracker.",Integrity Data Review Consultant,"Three years supporting integrity engineering data review at an operator, with hands-on experience organising fragmented inspection records into something a risk assessment can actually use.",Inspection Data Consolidation,Consolidates fragmented historical inspection records into a structured dataset a proper risk-based inspection strategy can actually be built on.,Consolidated years of fragmented inspection records for an operator into a structured dataset used to kick off their first formal risk-based inspection programme.,approved,2026-08-01 09:00:00,
101,Nur Aina Zahra,"Former Turnaround Manager, petrochemical facility","Available immediately, full-time capacity for the next quarter",230,Prefers a fixed-scope engagement with a clearly defined deliverable and milestone check-ins.,Turnaround & Shutdown Planning Office Lead,"Managed turnarounds at a petrochemical facility for twelve years, personally leading the facility's largest shutdown in a decade from planning through execution.",Full Turnaround Scope & Schedule Build,"Builds the full turnaround work scope, schedule, and resourcing plan ahead of a major shutdown, well before execution begins rather than planning on the fly.","Ran the turnaround PMO for a petrochemical facility's largest shutdown in a decade, finishing two days ahead of the original plan.",approved,2026-08-01 09:00:00,
102,Ting Wei Ho,"Shutdown planning specialist, refinery and processing plants","Available Mondays to Fridays, standard business hours",190,"Runs a short discovery workshop first, then executes with a small dedicated working group.","Independent Consultant, Refinery Shutdown Execution","Shutdown planning specialist with a decade of experience across refinery and processing plant turnarounds, running the planning office through live execution rather than handing off before it starts.",Execution-Phase Planning Office,"Runs the planning and progress-tracking office during execution, so scope creep gets caught within days rather than surfacing only at the post-mortem.","Rescued a shutdown that was tracking to overrun by three weeks, bringing it back to within one day of the original schedule.",approved,2026-08-01 09:00:00,
103,Farah Ismail,"Former planning engineer, shutdown recovery specialist","Available Mondays to Sundays, flexible around client timezone",175,Operates independently and reports progress asynchronously; no daily standups required.,Slipping Shutdown Recovery Specialist,Former planning engineer who now focuses specifically on stepping into shutdowns that are already tracking to overrun and rebuilding a schedule the operations team can actually hit.,Mid-Shutdown Recovery Plan,"Steps into an already-slipping shutdown and rebuilds a realistic recovery schedule the operations team can actually hit, rather than an aspirational one.",Built a resourcing and scope plan that let a facility complete a major turnaround with zero critical safety incidents despite a difficult mid-shutdown restart.,approved,2026-08-01 09:00:00,
104,Wendy Chan,"Turnaround planning associate, two years",Available weekday evenings and weekends only,120,,Turnaround Resourcing & Scope Support Consultant,"Two years supporting turnaround planning at a processing facility, with hands-on experience tracking scope changes and resourcing needs as a shutdown progresses.",Scope Change & Resourcing Tracking,"Tracks scope changes and resourcing needs throughout an active shutdown, flagging anything that risks pushing the schedule before it becomes unmanageable.",Tracked scope changes for a mid-size plant shutdown that helped the planning office catch a resourcing shortfall two weeks before it would have caused a delay.,approved,2026-08-01 09:00:00,
